,Date,Home,Away,Home Team Win Probability
0,11/17/2017,Toronto Raptors,New York Knicks,0.6942728449538971
1,11/17/2017,Los Angeles Lakers,Phoenix Suns,0.6147959364552478
2,11/17/2017,Cleveland Cavaliers,LA Clippers,0.8138415186920137
3,11/17/2017,Indiana Pacers,Detroit Pistons,0.4116612614162839
4,11/17/2017,Washington Wizards,Miami Heat,0.70538353270959
5,11/17/2017,Sacramento Kings,Portland Trail Blazers,0.35253106887955726
6,11/17/2017,Brooklyn Nets,Utah Jazz,0.5902937097549982
7,11/17/2017,Dallas Mavericks,Minnesota Timberwolves,0.11641698892562898
8,11/17/2017,Chicago Bulls,Charlotte Hornets,0.5117081722504351
9,11/17/2017,San Antonio Spurs,Oklahoma City Thunder,0.7461634623760902
10,11/17/2017,Denver Nuggets,New Orleans Pelicans,0.6900164760714581
11,11/18/2017,Philadelphia 76ers,Golden State Warriors,0.3954151188161121
12,11/18/2017,Atlanta Hawks,Boston Celtics,0.08360642213486466
13,11/18/2017,Charlotte Hornets,LA Clippers,0.6222856443174963
14,11/18/2017,Memphis Grizzlies,Houston Rockets,0.24822290052027499
15,11/18/2017,Dallas Mavericks,Milwaukee Bucks,0.22719270841105665
16,11/18/2017,Orlando Magic,Utah Jazz,0.6732983109367399
17,11/18/2017,Portland Trail Blazers,Sacramento Kings,0.8348506690815122
18,11/19/2017,Brooklyn Nets,Golden State Warriors,0.20066456329120966
19,11/19/2017,Phoenix Suns,Chicago Bulls,0.7626213718315707
20,11/19/2017,Miami Heat,Indiana Pacers,0.5357115268960314
21,11/19/2017,Minnesota Timberwolves,Detroit Pistons,0.548579266838124
22,11/19/2017,Los Angeles Lakers,Denver Nuggets,0.4120739738293616
23,11/19/2017,Toronto Raptors,Washington Wizards,0.7103083624951645
24,11/20/2017,Dallas Mavericks,Boston Celtics,0.07134755927396665
25,11/20/2017,Detroit Pistons,Cleveland Cavaliers,0.6300967095453833
26,11/20/2017,New York Knicks,LA Clippers,0.8315329822556357
27,11/20/2017,Orlando Magic,Indiana Pacers,0.5342577474422667
28,11/20/2017,San Antonio Spurs,Atlanta Hawks,0.9049332806710083
29,11/20/2017,Memphis Grizzlies,Portland Trail Blazers,0.42968644991759486
30,11/20/2017,Philadelphia 76ers,Utah Jazz,0.7743653217397566
31,11/20/2017,Sacramento Kings,Denver Nuggets,0.23382086675306107
32,11/20/2017,Charlotte Hornets,Minnesota Timberwolves,0.37154905478508454
33,11/20/2017,Milwaukee Bucks,Washington Wizards,0.5094617788445502
34,11/20/2017,New Orleans Pelicans,Oklahoma City Thunder,0.7223486899155365
35,11/21/2017,Los Angeles Lakers,Chicago Bulls,0.8101769041261951
36,11/22/2017,Oklahoma City Thunder,Golden State Warriors,0.29175418026655153
37,11/22/2017,New Orleans Pelicans,San Antonio Spurs,0.5639376421876928
38,11/22/2017,Utah Jazz,Chicago Bulls,0.8066644820389096
39,11/22/2017,Cleveland Cavaliers,Brooklyn Nets,0.8417418151807704
40,11/22/2017,Sacramento Kings,Los Angeles Lakers,0.4392258526284769
41,11/22/2017,Miami Heat,Boston Celtics,0.26281264733136855
42,11/22/2017,Atlanta Hawks,LA Clippers,0.40315592458895605
43,11/22/2017,Philadelphia 76ers,Portland Trail Blazers,0.6814726748171047
44,11/22/2017,Phoenix Suns,Milwaukee Bucks,0.43061250923005673
45,11/22/2017,Memphis Grizzlies,Dallas Mavericks,0.7780966983478999
46,11/22/2017,Minnesota Timberwolves,Orlando Magic,0.759495430856965
47,11/22/2017,Houston Rockets,Denver Nuggets,0.7922552402318989
48,11/22/2017,Charlotte Hornets,Washington Wizards,0.45280018862326754
49,11/22/2017,New York Knicks,Toronto Raptors,0.5705346613805391
50,11/24/2017,Atlanta Hawks,New York Knicks,0.22561765887745514
51,11/24/2017,Golden State Warriors,Chicago Bulls,0.9459988951688584
52,11/24/2017,Oklahoma City Thunder,Detroit Pistons,0.3175237648087744
53,11/24/2017,Minnesota Timberwolves,Miami Heat,0.6651826586363945
54,11/24/2017,Brooklyn Nets,Portland Trail Blazers,0.3487832677510567
55,11/24/2017,Boston Celtics,Orlando Magic,0.8883157477131696
56,11/24/2017,Cleveland Cavaliers,Charlotte Hornets,0.8240577613622052
57,11/24/2017,Denver Nuggets,Memphis Grizzlies,0.8164352741063868
58,11/24/2017,Indiana Pacers,Toronto Raptors,0.5504453178235208
59,11/24/2017,Phoenix Suns,New Orleans Pelicans,0.3466785760579169
60,11/25/2017,Charlotte Hornets,San Antonio Spurs,0.32794932188137343
61,11/25/2017,Houston Rockets,New York Knicks,0.8088390394808311
62,11/25/2017,Indiana Pacers,Boston Celtics,0.30373910780948116
63,11/25/2017,Sacramento Kings,LA Clippers,0.4579224243027965
64,11/25/2017,Washington Wizards,Portland Trail Blazers,0.5292592015881017
65,11/25/2017,Utah Jazz,Milwaukee Bucks,0.5325857043664807
66,11/25/2017,Philadelphia 76ers,Orlando Magic,0.8033771025274975
67,11/25/2017,Atlanta Hawks,Toronto Raptors,0.20063572891773734
68,11/25/2017,Dallas Mavericks,Oklahoma City Thunder,0.4010580291327592
69,11/25/2017,Golden State Warriors,New Orleans Pelicans,0.7641522173090303
70,11/26/2017,Minnesota Timberwolves,Phoenix Suns,0.8170027952015929
71,11/26/2017,Memphis Grizzlies,Brooklyn Nets,0.5710812423118763
72,11/26/2017,Chicago Bulls,Miami Heat,0.22326353409005362
73,11/27/2017,Philadelphia 76ers,Cleveland Cavaliers,0.5304545424862377
74,11/27/2017,Golden State Warriors,Sacramento Kings,0.8954201637418782
75,11/27/2017,San Antonio Spurs,Dallas Mavericks,0.9043527902582288
76,11/27/2017,New York Knicks,Portland Trail Blazers,0.5335453715978269
77,11/27/2017,Boston Celtics,Detroit Pistons,0.6926488321439151
78,11/27/2017,Houston Rockets,Brooklyn Nets,0.9213052951405607
79,11/27/2017,LA Clippers,Los Angeles Lakers,0.6227080373112487
80,11/27/2017,Indiana Pacers,Orlando Magic,0.7615902272604513
81,11/28/2017,Chicago Bulls,Phoenix Suns,0.3450639067971052
82,11/28/2017,Cleveland Cavaliers,Miami Heat,0.7550688837939526
83,11/28/2017,Utah Jazz,Denver Nuggets,0.45757382766124555
84,11/28/2017,Sacramento Kings,Milwaukee Bucks,0.3574037551000164
85,11/28/2017,Minnesota Timberwolves,Washington Wizards,0.6354371432469403
86,11/29/2017,Philadelphia 76ers,Washington Wizards,0.7131114653015821
87,11/29/2017,San Antonio Spurs,Memphis Grizzlies,0.8515419390488275
88,11/29/2017,Los Angeles Lakers,Golden State Warriors,0.25210503672564455
89,11/29/2017,New York Knicks,Miami Heat,0.661765468938123
90,11/29/2017,Orlando Magic,Oklahoma City Thunder,0.6269894736453138
91,11/29/2017,Houston Rockets,Indiana Pacers,0.8333491263035459
92,11/29/2017,Detroit Pistons,Phoenix Suns,0.8622024022163851
93,11/29/2017,Dallas Mavericks,Brooklyn Nets,0.4018416252375557
94,11/29/2017,Toronto Raptors,Charlotte Hornets,0.8369134520726327
95,11/29/2017,New Orleans Pelicans,Minnesota Timberwolves,0.5452416955697986
96,11/30/2017,Boston Celtics,Philadelphia 76ers,0.7738271892447015
97,11/30/2017,Denver Nuggets,Chicago Bulls,0.9163834737486461
98,11/30/2017,Atlanta Hawks,Cleveland Cavaliers,0.15882078667725788
99,11/30/2017,Portland Trail Blazers,Milwaukee Bucks,0.6194412135992693
100,11/30/2017,LA Clippers,Utah Jazz,0.5210011997315372
101,12/01/2017,Orlando Magic,Golden State Warriors,0.24959991423653685
102,12/01/2017,Memphis Grizzlies,San Antonio Spurs,0.2532542523370533
103,12/01/2017,Washington Wizards,Detroit Pistons,0.4283772484578933
104,12/01/2017,Toronto Raptors,Indiana Pacers,0.7332292640439902
105,12/01/2017,Chicago Bulls,Sacramento Kings,0.3743894912887769
106,12/01/2017,Oklahoma City Thunder,Minnesota Timberwolves,0.4308883857458095
107,12/01/2017,Miami Heat,Charlotte Hornets,0.7620341594012587
108,12/01/2017,Utah Jazz,New Orleans Pelicans,0.5889878317033238
109,12/02/2017,Boston Celtics,Phoenix Suns,0.9085009715896597
110,12/02/2017,Denver Nuggets,Los Angeles Lakers,0.8086686400297565
111,12/02/2017,Dallas Mavericks,LA Clippers,0.4073855834777435
112,12/02/2017,Philadelphia 76ers,Detroit Pistons,0.5633540773845797
113,12/02/2017,Brooklyn Nets,Atlanta Hawks,0.7031316141502677
114,12/02/2017,Milwaukee Bucks,Sacramento Kings,0.8031130350928569
115,12/02/2017,Cleveland Cavaliers,Memphis Grizzlies,0.8947543314212728
116,12/02/2017,Portland Trail Blazers,New Orleans Pelicans,0.5888867123910153
117,12/03/2017,Miami Heat,Golden State Warriors,0.3331083593615907
118,12/03/2017,Oklahoma City Thunder,San Antonio Spurs,0.40594254369778027
119,12/03/2017,Minnesota Timberwolves,LA Clippers,0.7741844655235112
120,12/03/2017,Los Angeles Lakers,Houston Rockets,0.17187481739562666
121,12/03/2017,New York Knicks,Orlando Magic,0.699519620867776
122,12/04/2017,New Orleans Pelicans,Golden State Warriors,0.33176722420696647
123,12/04/2017,Indiana Pacers,New York Knicks,0.612799263104759
124,12/04/2017,Philadelphia 76ers,Phoenix Suns,0.7906120732852373
125,12/04/2017,Atlanta Hawks,Brooklyn Nets,0.4308388606251578
126,12/04/2017,Chicago Bulls,Cleveland Cavaliers,0.09806397330735371
127,12/04/2017,San Antonio Spurs,Detroit Pistons,0.6287082233306714
128,12/04/2017,Boston Celtics,Milwaukee Bucks,0.8283656148585349
129,12/04/2017,Charlotte Hornets,Orlando Magic,0.5494567526316501
130,12/04/2017,Dallas Mavericks,Denver Nuggets,0.25210240298697023
131,12/04/2017,Memphis Grizzlies,Minnesota Timberwolves,0.35681922365807317
132,12/04/2017,Utah Jazz,Washington Wizards,0.6195807081093373
133,12/05/2017,Toronto Raptors,Phoenix Suns,0.8505486045524733
134,12/05/2017,Oklahoma City Thunder,Utah Jazz,0.5672356265934987
135,12/05/2017,Portland Trail Blazers,Washington Wizards,0.5918105838661513
136,12/06/2017,Charlotte Hornets,Golden State Warriors,0.1926973459122588
137,12/06/2017,Indiana Pacers,Chicago Bulls,0.9008194586079927
138,12/06/2017,Milwaukee Bucks,Detroit Pistons,0.5653521922084435
139,12/06/2017,San Antonio Spurs,Miami Heat,0.7527986155236689
140,12/06/2017,Orlando Magic,Atlanta Hawks,0.7729112902473865
141,12/06/2017,Boston Celtics,Dallas Mavericks,0.9433299689478243
142,12/06/2017,Cleveland Cavaliers,Sacramento Kings,0.8954121972174418
143,12/06/2017,New Orleans Pelicans,Denver Nuggets,0.5683098017625371
144,12/06/2017,LA Clippers,Minnesota Timberwolves,0.37896802337751107
145,12/06/2017,New York Knicks,Memphis Grizzlies,0.7807227251676094
146,12/07/2017,Philadelphia 76ers,Los Angeles Lakers,0.7584686003144402
147,12/07/2017,Phoenix Suns,Washington Wizards,0.4031329344377894
148,12/07/2017,Brooklyn Nets,Oklahoma City Thunder,0.5612134922438401
149,12/07/2017,Utah Jazz,Houston Rockets,0.24963219025511937
150,12/08/2017,San Antonio Spurs,Boston Celtics,0.47897043186020627
151,12/08/2017,Orlando Magic,Denver Nuggets,0.4207450316862495
152,12/08/2017,Detroit Pistons,Golden State Warriors,0.36090419477384356
153,12/08/2017,Indiana Pacers,Cleveland Cavaliers,0.4479211757360469
154,12/08/2017,Milwaukee Bucks,Dallas Mavericks,0.8695670237367709
155,12/08/2017,Charlotte Hornets,Chicago Bulls,0.7611200777018897
156,12/08/2017,Memphis Grizzlies,Toronto Raptors,0.22864716414219277
157,12/08/2017,New Orleans Pelicans,Sacramento Kings,0.7553531691576159
158,12/09/2017,Chicago Bulls,New York Knicks,0.25693793368041457
159,12/09/2017,Phoenix Suns,San Antonio Spurs,0.23870036883670057
160,12/09/2017,Brooklyn Nets,Miami Heat,0.487693354628016
161,12/09/2017,Cleveland Cavaliers,Philadelphia 76ers,0.7550549407631191
162,12/09/2017,LA Clippers,Washington Wizards,0.4646983051167789
163,12/09/2017,Portland Trail Blazers,Houston Rockets,0.24577022506448878
164,12/09/2017,Atlanta Hawks,Orlando Magic,0.4471163713912532
165,12/09/2017,Milwaukee Bucks,Utah Jazz,0.7118323000857429
166,12/09/2017,Charlotte Hornets,Los Angeles Lakers,0.48298169301475774
167,12/09/2017,Memphis Grizzlies,Oklahoma City Thunder,0.4166726070004256
168,12/10/2017,New York Knicks,Atlanta Hawks,0.8275658451087875
169,12/10/2017,Detroit Pistons,Boston Celtics,0.32962909205020624
170,12/10/2017,Indiana Pacers,Denver Nuggets,0.6083355659402723
171,12/10/2017,Sacramento Kings,Toronto Raptors,0.23588700715714214
172,12/10/2017,Minnesota Timberwolves,Dallas Mavericks,0.8858863616210015
173,12/10/2017,New Orleans Pelicans,Philadelphia 76ers,0.6040045520020794
174,12/11/2017,Golden State Warriors,Portland Trail Blazers,0.8542727480195565
175,12/11/2017,Chicago Bulls,Boston Celtics,0.11215214001388005
176,12/11/2017,Houston Rockets,New Orleans Pelicans,0.8597516580277552
177,12/11/2017,LA Clippers,Toronto Raptors,0.3231591538382255
178,12/11/2017,Memphis Grizzlies,Miami Heat,0.3547292400172702
179,12/11/2017,Oklahoma City Thunder,Charlotte Hornets,0.7139237819335219
180,12/12/2017,Minnesota Timberwolves,Philadelphia 76ers,0.615643859625512
181,12/12/2017,Dallas Mavericks,San Antonio Spurs,0.18249598690677837
182,12/12/2017,Sacramento Kings,Phoenix Suns,0.630981540656576
183,12/12/2017,New York Knicks,Los Angeles Lakers,0.7447897183746759
184,12/12/2017,Cleveland Cavaliers,Atlanta Hawks,0.9274442268031033
185,12/12/2017,Detroit Pistons,Denver Nuggets,0.5268019260034815
186,12/12/2017,Brooklyn Nets,Washington Wizards,0.5153127843277875
187,12/13/2017,Orlando Magic,LA Clippers,0.5497465169476357
188,12/13/2017,Miami Heat,Portland Trail Blazers,0.5998736095898897
189,12/13/2017,New Orleans Pelicans,Milwaukee Bucks,0.569627008599846
190,12/13/2017,Chicago Bulls,Utah Jazz,0.3528049065423432
191,12/13/2017,Boston Celtics,Denver Nuggets,0.7910968955447772
192,12/13/2017,Washington Wizards,Memphis Grizzlies,0.7991083119731213
193,12/13/2017,Houston Rockets,Charlotte Hornets,0.9397065275750748
194,12/13/2017,Indiana Pacers,Oklahoma City Thunder,0.6840209823355077
195,12/13/2017,Phoenix Suns,Toronto Raptors,0.22186956265884353
196,12/14/2017,Brooklyn Nets,New York Knicks,0.42600075716409974
197,12/14/2017,Cleveland Cavaliers,Los Angeles Lakers,0.8777405708120135
198,12/14/2017,Atlanta Hawks,Detroit Pistons,0.28601613630147077
199,12/14/2017,Golden State Warriors,Dallas Mavericks,0.9462068359896529
200,12/14/2017,Minnesota Timberwolves,Sacramento Kings,0.8076997526484884
201,12/15/2017,Houston Rockets,San Antonio Spurs,0.7937858994235278
202,12/15/2017,Milwaukee Bucks,Chicago Bulls,0.8423674320305448
203,12/15/2017,Toronto Raptors,Brooklyn Nets,0.8362577108535096
204,12/15/2017,Washington Wizards,LA Clippers,0.7081927700472738
205,12/15/2017,Indiana Pacers,Detroit Pistons,0.5832115594762135
206,12/15/2017,Charlotte Hornets,Miami Heat,0.36486780854572703
207,12/15/2017,Orlando Magic,Portland Trail Blazers,0.44073673141292596
208,12/15/2017,Memphis Grizzlies,Atlanta Hawks,0.6813320007713352
209,12/15/2017,Boston Celtics,Utah Jazz,0.8312481362208655
210,12/15/2017,Philadelphia 76ers,Oklahoma City Thunder,0.6336142601995942
211,12/15/2017,Denver Nuggets,New Orleans Pelicans,0.6420145247194957
212,12/16/2017,San Antonio Spurs,Dallas Mavericks,0.905166252170974
213,12/16/2017,New York Knicks,Oklahoma City Thunder,0.7009202896692985
214,12/16/2017,Cleveland Cavaliers,Utah Jazz,0.843339098094664
215,12/16/2017,Houston Rockets,Milwaukee Bucks,0.8635889036357054
216,12/16/2017,Miami Heat,LA Clippers,0.7249409810484524
217,12/16/2017,Minnesota Timberwolves,Phoenix Suns,0.7959466647049717
218,12/16/2017,Charlotte Hornets,Portland Trail Blazers,0.34105530526495936
219,12/16/2017,Memphis Grizzlies,Boston Celtics,0.17074245406796587
220,12/17/2017,Washington Wizards,Cleveland Cavaliers,0.3284761747496191
221,12/17/2017,Brooklyn Nets,Indiana Pacers,0.417106742221954
222,12/17/2017,Toronto Raptors,Sacramento Kings,0.8715427860971711
223,12/17/2017,Detroit Pistons,Orlando Magic,0.7788232539046205
224,12/18/2017,Chicago Bulls,Philadelphia 76ers,0.3533497584990752
225,12/18/2017,Los Angeles Lakers,Golden State Warriors,0.17901404887235992
226,12/18/2017,Charlotte Hornets,New York Knicks,0.3330621545161378
227,12/18/2017,Dallas Mavericks,Phoenix Suns,0.4294626426876847
228,12/18/2017,Indiana Pacers,Boston Celtics,0.3488917659528229
229,12/18/2017,San Antonio Spurs,LA Clippers,0.8280945432242083
230,12/18/2017,Atlanta Hawks,Miami Heat,0.3198065197656439
231,12/18/2017,Minnesota Timberwolves,Portland Trail Blazers,0.6634782736592213
232,12/18/2017,Houston Rockets,Utah Jazz,0.9042173019221331
233,12/18/2017,Oklahoma City Thunder,Denver Nuggets,0.527277236547198
234,12/19/2017,Philadelphia 76ers,Sacramento Kings,0.7256133411856837
235,12/19/2017,Milwaukee Bucks,Cleveland Cavaliers,0.3941001639360654
236,12/19/2017,Washington Wizards,New Orleans Pelicans,0.6010934368954162
237,12/20/2017,Golden State Warriors,Memphis Grizzlies,0.935548124810106
238,12/20/2017,Chicago Bulls,Orlando Magic,0.5491540956975981
239,12/20/2017,Boston Celtics,Miami Heat,0.789743835000406
240,12/20/2017,Brooklyn Nets,Sacramento Kings,0.5886773663684027
241,12/20/2017,Houston Rockets,Los Angeles Lakers,0.9188729383148734
242,12/20/2017,LA Clippers,Phoenix Suns,0.6512062615432824
243,12/20/2017,Portland Trail Blazers,San Antonio Spurs,0.39142036720745316
244,12/20/2017,Atlanta Hawks,Indiana Pacers,0.2733732672344689
245,12/20/2017,Dallas Mavericks,Detroit Pistons,0.2656090578078346
246,12/20/2017,Denver Nuggets,Minnesota Timberwolves,0.5364506978685356
247,12/20/2017,Charlotte Hornets,Toronto Raptors,0.1949216439171132
248,12/20/2017,Oklahoma City Thunder,Utah Jazz,0.6735308000605253
249,12/21/2017,Utah Jazz,San Antonio Spurs,0.36215960816841103
250,12/21/2017,Cleveland Cavaliers,Chicago Bulls,0.9171416751738535
251,12/21/2017,New York Knicks,Boston Celtics,0.43511997231122773
252,12/21/2017,Phoenix Suns,Memphis Grizzlies,0.677315629443723
253,12/21/2017,Philadelphia 76ers,Toronto Raptors,0.3325967891631689
254,12/22/2017,Golden State Warriors,Los Angeles Lakers,0.916850093286338
255,12/22/2017,Brooklyn Nets,Washington Wizards,0.47301564961807147
256,12/22/2017,Houston Rockets,LA Clippers,0.8976644222132414
257,12/22/2017,Orlando Magic,New Orleans Pelicans,0.3858210391505091
258,12/22/2017,Detroit Pistons,New York Knicks,0.5993345332508061
259,12/22/2017,Miami Heat,Dallas Mavericks,0.8611796832934472
260,12/22/2017,Portland Trail Blazers,Denver Nuggets,0.5094862979971548
261,12/22/2017,Milwaukee Bucks,Charlotte Hornets,0.8312741451182201
262,12/22/2017,Oklahoma City Thunder,Atlanta Hawks,0.838149576484834
263,12/23/2017,Golden State Warriors,Denver Nuggets,0.8034317851820926
264,12/23/2017,Los Angeles Lakers,Portland Trail Blazers,0.4440111168007746
265,12/23/2017,Phoenix Suns,Minnesota Timberwolves,0.3212679974314272
266,12/23/2017,Boston Celtics,Chicago Bulls,0.9116250756382593
267,12/23/2017,Miami Heat,New Orleans Pelicans,0.5893376689964294
268,12/23/2017,Utah Jazz,Oklahoma City Thunder,0.47861440150095874
269,12/23/2017,Indiana Pacers,Brooklyn Nets,0.7709922183132174
270,12/23/2017,Atlanta Hawks,Dallas Mavericks,0.6437568152777713
271,12/23/2017,Sacramento Kings,San Antonio Spurs,0.2818848089138168
272,12/23/2017,Charlotte Hornets,Milwaukee Bucks,0.35272645884816106
273,12/23/2017,Washington Wizards,Orlando Magic,0.7764582518783499
274,12/23/2017,Toronto Raptors,Philadelphia 76ers,0.8304883931365814
275,12/23/2017,Memphis Grizzlies,LA Clippers,0.48352198484018216
276,12/25/2017,New York Knicks,Philadelphia 76ers,0.6544936558087314
277,12/25/2017,Golden State Warriors,Cleveland Cavaliers,0.6741734956245465
278,12/25/2017,Oklahoma City Thunder,Houston Rockets,0.3301706758535597
279,12/25/2017,Boston Celtics,Washington Wizards,0.76342030457868
280,12/25/2017,Los Angeles Lakers,Minnesota Timberwolves,0.2943315074454487
281,12/26/2017,San Antonio Spurs,Brooklyn Nets,0.8549430103804836
282,12/26/2017,Phoenix Suns,Memphis Grizzlies,0.6812292599941978
283,12/26/2017,LA Clippers,Sacramento Kings,0.6654514576371723
284,12/26/2017,Detroit Pistons,Indiana Pacers,0.6203089348026813
285,12/26/2017,Miami Heat,Orlando Magic,0.8068439339743501
286,12/26/2017,Milwaukee Bucks,Chicago Bulls,0.8030828871731599
287,12/26/2017,Dallas Mavericks,Toronto Raptors,0.14674307737285755
288,12/26/2017,Denver Nuggets,Utah Jazz,0.7536791801797488
289,12/27/2017,Chicago Bulls,New York Knicks,0.37063262779831296
290,12/27/2017,New Orleans Pelicans,Brooklyn Nets,0.7841684800552363
291,12/27/2017,Charlotte Hornets,Boston Celtics,0.17701677133912905
292,12/27/2017,Sacramento Kings,Cleveland Cavaliers,0.2358479632187401
293,12/27/2017,Golden State Warriors,Utah Jazz,0.9072123879179352
294,12/27/2017,Indiana Pacers,Dallas Mavericks,0.8419325463907873
295,12/27/2017,Minnesota Timberwolves,Denver Nuggets,0.6744413316455241
296,12/27/2017,Atlanta Hawks,Washington Wizards,0.3310150830912448
297,12/27/2017,Los Angeles Lakers,Memphis Grizzlies,0.6181350330219136
298,12/27/2017,Oklahoma City Thunder,Toronto Raptors,0.4524904940005829
299,12/28/2017,Portland Trail Blazers,Philadelphia 76ers,0.6370066877273581
300,12/28/2017,San Antonio Spurs,New York Knicks,0.7726794584862153
301,12/28/2017,Orlando Magic,Detroit Pistons,0.3390449889013771
302,12/28/2017,Boston Celtics,Houston Rockets,0.5416238657175617
303,12/28/2017,Milwaukee Bucks,Minnesota Timberwolves,0.5130151492486597
304,12/29/2017,Sacramento Kings,Phoenix Suns,0.5602386257581019
305,12/29/2017,Miami Heat,Brooklyn Nets,0.756916085922956
306,12/29/2017,Los Angeles Lakers,LA Clippers,0.45687356428470666
307,12/29/2017,Chicago Bulls,Indiana Pacers,0.383818844025033
308,12/29/2017,Toronto Raptors,Atlanta Hawks,0.9190693733723069
309,12/29/2017,Washington Wizards,Houston Rockets,0.3387049249556454
310,12/29/2017,Oklahoma City Thunder,Milwaukee Bucks,0.5845065641622018
311,12/29/2017,New Orleans Pelicans,Dallas Mavericks,0.8332213435032797
312,12/29/2017,Golden State Warriors,Charlotte Hornets,0.9340273118991004
313,12/30/2017,Golden State Warriors,Memphis Grizzlies,0.9445411500212966
314,12/30/2017,Orlando Magic,Miami Heat,0.3334464250555069
315,12/30/2017,Detroit Pistons,San Antonio Spurs,0.4794011265458294
316,12/30/2017,Utah Jazz,Cleveland Cavaliers,0.281158138630184
317,12/30/2017,Atlanta Hawks,Portland Trail Blazers,0.3539092968347636
318,12/30/2017,Denver Nuggets,Philadelphia 76ers,0.661115632531863
319,12/30/2017,New Orleans Pelicans,New York Knicks,0.5975654653242276
320,12/31/2017,Phoenix Suns,Philadelphia 76ers,0.4468914907189314
321,12/31/2017,Washington Wizards,Chicago Bulls,0.8086794099306011
322,12/31/2017,Boston Celtics,Brooklyn Nets,0.9001627921078716
323,12/31/2017,Houston Rockets,Los Angeles Lakers,0.9289186710137557
324,12/31/2017,Oklahoma City Thunder,Dallas Mavericks,0.8231386047838275
325,12/31/2017,Indiana Pacers,Minnesota Timberwolves,0.45229825439451926
326,12/31/2017,LA Clippers,Charlotte Hornets,0.7453810779888448
327,12/31/2017,Sacramento Kings,Memphis Grizzlies,0.629414505569105
328,01/01/2018,Chicago Bulls,Portland Trail Blazers,0.37121301199244255
329,01/01/2018,Brooklyn Nets,Orlando Magic,0.6629176247391699
330,01/01/2018,Minnesota Timberwolves,Los Angeles Lakers,0.8773914602647902
331,01/01/2018,Toronto Raptors,Milwaukee Bucks,0.767111332135139
332,01/02/2018,New York Knicks,San Antonio Spurs,0.39182393175153246
333,01/02/2018,Phoenix Suns,Atlanta Hawks,0.7182376682425091
334,01/02/2018,Cleveland Cavaliers,Portland Trail Blazers,0.7926605444691182
335,01/02/2018,LA Clippers,Memphis Grizzlies,0.7627114930647366
336,01/02/2018,Sacramento Kings,Charlotte Hornets,0.6090899179295732
337,01/03/2018,Dallas Mavericks,Golden State Warriors,0.11297313956583101
338,01/03/2018,Philadelphia 76ers,San Antonio Spurs,0.43495834169119785
339,01/03/2018,Washington Wizards,New York Knicks,0.6719927820040894
340,01/03/2018,Denver Nuggets,Phoenix Suns,0.763724596257425
341,01/03/2018,Boston Celtics,Cleveland Cavaliers,0.6696651614255846
342,01/03/2018,Miami Heat,Detroit Pistons,0.6053549173575777
343,01/03/2018,Milwaukee Bucks,Indiana Pacers,0.6648153749162499
344,01/03/2018,Orlando Magic,Houston Rockets,0.13949134076496428
345,01/03/2018,Brooklyn Nets,Minnesota Timberwolves,0.340424345521253
346,01/03/2018,Chicago Bulls,Toronto Raptors,0.1736236665245267
347,01/03/2018,Los Angeles Lakers,Oklahoma City Thunder,0.31777265899680396
348,01/03/2018,Utah Jazz,New Orleans Pelicans,0.44835443991473173
349,01/04/2018,Houston Rockets,Golden State Warriors,0.5183955923590531
350,01/04/2018,LA Clippers,Oklahoma City Thunder,0.47781791257328415
351,01/05/2018,Philadelphia 76ers,Detroit Pistons,0.5843242887895667
352,01/05/2018,San Antonio Spurs,Phoenix Suns,0.8426680416505314
353,01/05/2018,Los Angeles Lakers,Charlotte Hornets,0.534677062389651
354,01/05/2018,Boston Celtics,Minnesota Timberwolves,0.745965026289705
355,01/05/2018,Miami Heat,New York Knicks,0.6998473579831214
356,01/05/2018,Portland Trail Blazers,Atlanta Hawks,0.8111612650300689
357,01/05/2018,Milwaukee Bucks,Toronto Raptors,0.38547200026417205
358,01/05/2018,Dallas Mavericks,Chicago Bulls,0.5405513727524766
359,01/05/2018,Denver Nuggets,Utah Jazz,0.7695113265053751
360,01/05/2018,Memphis Grizzlies,Washington Wizards,0.29507130922515973
361,01/06/2018,LA Clippers,Golden State Warriors,0.20789898109463847
362,01/06/2018,Indiana Pacers,Chicago Bulls,0.7737311439743878
363,01/06/2018,Brooklyn Nets,Boston Celtics,0.2121615366654704
364,01/06/2018,Orlando Magic,Cleveland Cavaliers,0.19272030484601285
365,01/06/2018,Detroit Pistons,Houston Rockets,0.38949411594201844
366,01/06/2018,Washington Wizards,Milwaukee Bucks,0.5889783945578624
367,01/06/2018,Sacramento Kings,Denver Nuggets,0.36604320984109007
368,01/06/2018,Minnesota Timberwolves,New Orleans Pelicans,0.6893600428936444
369,01/07/2018,Los Angeles Lakers,Atlanta Hawks,0.6404678979829687
370,01/07/2018,Phoenix Suns,Oklahoma City Thunder,0.4234694754945116
371,01/07/2018,Miami Heat,Utah Jazz,0.7898094234025922
372,01/07/2018,Portland Trail Blazers,San Antonio Spurs,0.4508371938241802
373,01/07/2018,Dallas Mavericks,New York Knicks,0.34971967462699155
374,01/08/2018,Golden State Warriors,Denver Nuggets,0.8440375817798492
375,01/08/2018,Chicago Bulls,Houston Rockets,0.17351563406443232
376,01/08/2018,Brooklyn Nets,Toronto Raptors,0.21542303236828825
377,01/08/2018,LA Clippers,Atlanta Hawks,0.7890310153395461
378,01/08/2018,Indiana Pacers,Milwaukee Bucks,0.5680753425966151
379,01/08/2018,Sacramento Kings,San Antonio Spurs,0.2644166724547958
380,01/08/2018,Minnesota Timberwolves,Cleveland Cavaliers,0.5270490845321978
381,01/08/2018,New Orleans Pelicans,Detroit Pistons,0.5967880487522093
382,01/09/2018,Los Angeles Lakers,Sacramento Kings,0.5871793682561364
383,01/09/2018,Dallas Mavericks,Orlando Magic,0.5905821541481738
384,01/09/2018,Toronto Raptors,Miami Heat,0.7188703164015599
385,01/09/2018,Oklahoma City Thunder,Portland Trail Blazers,0.591451672182873
386,01/10/2018,Golden State Warriors,LA Clippers,0.8758188025470982
387,01/10/2018,New York Knicks,Chicago Bulls,0.7365781634568244
388,01/10/2018,Brooklyn Nets,Detroit Pistons,0.3845756483731098
389,01/10/2018,Houston Rockets,Portland Trail Blazers,0.8088369249720964
390,01/10/2018,Indiana Pacers,Miami Heat,0.48456713920818173
391,01/10/2018,Milwaukee Bucks,Orlando Magic,0.8459596655783969
392,01/10/2018,Denver Nuggets,Atlanta Hawks,0.8268417969102207
393,01/10/2018,Minnesota Timberwolves,Oklahoma City Thunder,0.7075474882999367
394,01/10/2018,Charlotte Hornets,Dallas Mavericks,0.6335239695796198
395,01/10/2018,Washington Wizards,Utah Jazz,0.7469810135345988
396,01/10/2018,Memphis Grizzlies,New Orleans Pelicans,0.3598341637667393
397,01/11/2018,Philadelphia 76ers,Boston Celtics,0.3086628313065141
398,01/11/2018,Los Angeles Lakers,San Antonio Spurs,0.2672621255766033
399,01/11/2018,Sacramento Kings,LA Clippers,0.40115545862317015
400,01/11/2018,Toronto Raptors,Cleveland Cavaliers,0.6568184627958505
401,01/12/2018,Phoenix Suns,Houston Rockets,0.20863453317428138
402,01/12/2018,Indiana Pacers,Cleveland Cavaliers,0.4563891342852249
403,01/12/2018,Atlanta Hawks,Brooklyn Nets,0.4706779588066235
404,01/12/2018,Milwaukee Bucks,Golden State Warriors,0.2974031408388889
405,01/12/2018,Denver Nuggets,Memphis Grizzlies,0.8147893563133651
406,01/12/2018,Minnesota Timberwolves,New York Knicks,0.7672994967279664
407,01/12/2018,Charlotte Hornets,Utah Jazz,0.554089423615543
408,01/12/2018,Washington Wizards,Orlando Magic,0.8470303157986533
409,01/12/2018,New Orleans Pelicans,Portland Trail Blazers,0.619146304513903
410,01/13/2018,San Antonio Spurs,Denver Nuggets,0.7178156809048986
411,01/13/2018,Chicago Bulls,Detroit Pistons,0.38819789105787733
412,01/13/2018,LA Clippers,Sacramento Kings,0.7796053439052084
413,01/13/2018,Dallas Mavericks,Los Angeles Lakers,0.5129118819588049
414,01/13/2018,Charlotte Hornets,Oklahoma City Thunder,0.37376728318817276
415,01/13/2018,Washington Wizards,Brooklyn Nets,0.7905294006563002
416,01/13/2018,Toronto Raptors,Golden State Warriors,0.45679379189008945
417,01/14/2018,New York Knicks,New Orleans Pelicans,0.48749491087467667
418,01/14/2018,Phoenix Suns,Indiana Pacers,0.42186514430367794
419,01/14/2018,Miami Heat,Milwaukee Bucks,0.6786100805022341
420,01/14/2018,Minnesota Timberwolves,Portland Trail Blazers,0.7406873304419195
421,01/15/2018,Cleveland Cavaliers,Golden State Warriors,0.3623287207100943
422,01/15/2018,Atlanta Hawks,San Antonio Spurs,0.22223365051063204
423,01/15/2018,Brooklyn Nets,New York Knicks,0.4707059626729038
424,01/15/2018,Memphis Grizzlies,Los Angeles Lakers,0.5611663682158279
425,01/15/2018,Utah Jazz,Indiana Pacers,0.3997851280389683
426,01/15/2018,Chicago Bulls,Miami Heat,0.32580355570903274
427,01/15/2018,LA Clippers,Houston Rockets,0.3453805780385054
428,01/15/2018,Washington Wizards,Milwaukee Bucks,0.609888675638592
429,01/15/2018,Oklahoma City Thunder,Sacramento Kings,0.8145617939831639
430,01/15/2018,Detroit Pistons,Charlotte Hornets,0.7600555744256993
431,01/15/2018,Philadelphia 76ers,Toronto Raptors,0.4097200545218687
432,01/16/2018,Portland Trail Blazers,Phoenix Suns,0.7476176101576953
433,01/16/2018,Denver Nuggets,Dallas Mavericks,0.8371105822786955
434,01/16/2018,Orlando Magic,Minnesota Timberwolves,0.22492855164712885
435,01/16/2018,Boston Celtics,New Orleans Pelicans,0.7838995033448891
436,01/17/2018,Chicago Bulls,Golden State Warriors,0.12902617944732356
437,01/17/2018,Brooklyn Nets,San Antonio Spurs,0.2666064131845731
438,01/17/2018,Memphis Grizzlies,New York Knicks,0.46124798153751084
439,01/17/2018,Oklahoma City Thunder,Los Angeles Lakers,0.8020681163335917
440,01/17/2018,Toronto Raptors,Detroit Pistons,0.7851288632183209
441,01/17/2018,Milwaukee Bucks,Miami Heat,0.5023181787267693
442,01/17/2018,Sacramento Kings,Utah Jazz,0.49260751342661224
443,01/17/2018,LA Clippers,Denver Nuggets,0.6022295983941691
444,01/17/2018,Charlotte Hornets,Washington Wizards,0.38303077217182196
445,01/17/2018,Atlanta Hawks,New Orleans Pelicans,0.31510849127852386
446,01/18/2018,Boston Celtics,Philadelphia 76ers,0.7860898032823915
447,01/18/2018,Portland Trail Blazers,Indiana Pacers,0.5897248867652416
448,01/18/2018,Cleveland Cavaliers,Orlando Magic,0.8911503322680995
449,01/18/2018,Houston Rockets,Minnesota Timberwolves,0.7293370724447207
450,01/19/2018,Los Angeles Lakers,Indiana Pacers,0.40546162659831464
451,01/19/2018,Brooklyn Nets,Miami Heat,0.32109210311011116
452,01/19/2018,Detroit Pistons,Washington Wizards,0.5131107945511588
453,01/19/2018,Utah Jazz,New York Knicks,0.4978710940557776
454,01/19/2018,Denver Nuggets,Phoenix Suns,0.7409188910138951
455,01/19/2018,Toronto Raptors,San Antonio Spurs,0.6862236784951911
456,01/19/2018,Memphis Grizzlies,Sacramento Kings,0.6543671725836514
457,01/20/2018,Philadelphia 76ers,Milwaukee Bucks,0.6294258178462954
458,01/20/2018,Cleveland Cavaliers,Oklahoma City Thunder,0.6676500844391317
459,01/20/2018,Houston Rockets,Golden State Warriors,0.5162382209085025
460,01/20/2018,Utah Jazz,LA Clippers,0.44250852228390614
461,01/20/2018,Portland Trail Blazers,Dallas Mavericks,0.8416200111482511
462,01/20/2018,Atlanta Hawks,Chicago Bulls,0.5050803765922102
463,01/20/2018,Minnesota Timberwolves,Toronto Raptors,0.5221890218078102
464,01/20/2018,Charlotte Hornets,Miami Heat,0.30857229008239295
465,01/20/2018,New Orleans Pelicans,Memphis Grizzlies,0.8040369292095204
466,01/21/2018,Los Angeles Lakers,New York Knicks,0.4856619265834645
467,01/21/2018,Detroit Pistons,Brooklyn Nets,0.7121057849114057
468,01/21/2018,San Antonio Spurs,Indiana Pacers,0.6936478196980724
469,01/21/2018,Boston Celtics,Orlando Magic,0.9231314939356988
470,01/22/2018,Houston Rockets,Miami Heat,0.7742538334381021
471,01/22/2018,LA Clippers,Minnesota Timberwolves,0.43695974062221277
472,01/22/2018,Atlanta Hawks,Utah Jazz,0.4973458155203378
473,01/22/2018,Milwaukee Bucks,Phoenix Suns,0.7674744365476869
474,01/22/2018,Dallas Mavericks,Washington Wizards,0.28357369443276187
475,01/22/2018,Denver Nuggets,Portland Trail Blazers,0.604870350198831
476,01/22/2018,Charlotte Hornets,Sacramento Kings,0.6972402778233343
477,01/22/2018,Memphis Grizzlies,Philadelphia 76ers,0.3723339932873958
478,01/22/2018,New Orleans Pelicans,Chicago Bulls,0.801056123845325
479,01/23/2018,Golden State Warriors,New York Knicks,0.908246268598785
480,01/23/2018,Oklahoma City Thunder,Brooklyn Nets,0.807088625357578
481,01/23/2018,Los Angeles Lakers,Boston Celtics,0.22723398337150505
482,01/23/2018,San Antonio Spurs,Cleveland Cavaliers,0.5982410019467475
483,01/23/2018,Orlando Magic,Sacramento Kings,0.5796881539749379
484,01/24/2018,Memphis Grizzlies,San Antonio Spurs,0.2768803679918302
485,01/24/2018,Philadelphia 76ers,Chicago Bulls,0.7970917757498012
486,01/24/2018,Indiana Pacers,Phoenix Suns,0.7696736453685283
487,01/24/2018,LA Clippers,Boston Celtics,0.34796429513261434
488,01/24/2018,Dallas Mavericks,Houston Rockets,0.11687291654674763
489,01/24/2018,Detroit Pistons,Utah Jazz,0.6689977108074554
490,01/24/2018,Portland Trail Blazers,Minnesota Timberwolves,0.4847709432664951
491,01/24/2018,Atlanta Hawks,Toronto Raptors,0.172435450210657
492,01/24/2018,Charlotte Hornets,New Orleans Pelicans,0.34403184601028214
493,01/25/2018,Denver Nuggets,New York Knicks,0.7125924938272175
494,01/25/2018,Miami Heat,Sacramento Kings,0.840590748018319
495,01/25/2018,Oklahoma City Thunder,Washington Wizards,0.6444880788856915
496,01/25/2018,Golden State Warriors,Minnesota Timberwolves,0.8134106570878696
497,01/26/2018,San Antonio Spurs,Philadelphia 76ers,0.6565626736349398
498,01/26/2018,Chicago Bulls,Los Angeles Lakers,0.5308570701372701
499,01/26/2018,Phoenix Suns,New York Knicks,0.48527591273120013
500,01/26/2018,Cleveland Cavaliers,Indiana Pacers,0.7148805282112458
501,01/26/2018,Milwaukee Bucks,Brooklyn Nets,0.7909638480806493
502,01/26/2018,Dallas Mavericks,Portland Trail Blazers,0.2716782288586912
503,01/26/2018,Charlotte Hornets,Atlanta Hawks,0.6897795835087096
504,01/26/2018,Toronto Raptors,Utah Jazz,0.845584424914999
505,01/26/2018,Memphis Grizzlies,LA Clippers,0.38628419910765244
506,01/26/2018,New Orleans Pelicans,Houston Rockets,0.3934512539140484
507,01/27/2018,Minnesota Timberwolves,Brooklyn Nets,0.8473429646478902
508,01/27/2018,Golden State Warriors,Boston Celtics,0.7487200020672765
509,01/27/2018,Denver Nuggets,Dallas Mavericks,0.8611531336028593
510,01/27/2018,Indiana Pacers,Orlando Magic,0.8325192389095084
511,01/27/2018,Atlanta Hawks,Washington Wizards,0.29078214995553897
512,01/27/2018,Miami Heat,Charlotte Hornets,0.8101898537465916
513,01/27/2018,Detroit Pistons,Oklahoma City Thunder,0.42928297542130034
514,01/28/2018,Oklahoma City Thunder,Philadelphia 76ers,0.6578249394751243
515,01/28/2018,Houston Rockets,Phoenix Suns,0.9117004274166429
516,01/28/2018,Toronto Raptors,Los Angeles Lakers,0.8626841893761616
517,01/28/2018,New Orleans Pelicans,LA Clippers,0.6516379181346079
518,01/28/2018,Cleveland Cavaliers,Detroit Pistons,0.7866325228065777
519,01/28/2018,Chicago Bulls,Milwaukee Bucks,0.3354031290537927
520,01/28/2018,San Antonio Spurs,Sacramento Kings,0.8661559227557163
521,01/29/2018,Milwaukee Bucks,Philadelphia 76ers,0.6263931931671104
522,01/29/2018,Memphis Grizzlies,Phoenix Suns,0.612491560842025
523,01/29/2018,Denver Nuggets,Boston Celtics,0.4052935765283835
524,01/29/2018,Dallas Mavericks,Miami Heat,0.2196248959583401
525,01/29/2018,Atlanta Hawks,Minnesota Timberwolves,0.2596663040434597
526,01/29/2018,Indiana Pacers,Charlotte Hornets,0.7831572745723581
527,01/30/2018,Utah Jazz,Golden State Warriors,0.17340799201737103
528,01/30/2018,New York Knicks,Brooklyn Nets,0.7190227043212603
529,01/30/2018,Detroit Pistons,Cleveland Cavaliers,0.393602701806307
530,01/30/2018,LA Clippers,Portland Trail Blazers,0.5431116582994783
531,01/30/2018,New Orleans Pelicans,Sacramento Kings,0.8201499096323976
532,01/30/2018,Houston Rockets,Orlando Magic,0.9394982186730156
533,01/30/2018,San Antonio Spurs,Denver Nuggets,0.7039145509412789
534,01/30/2018,Toronto Raptors,Minnesota Timberwolves,0.704487528974764
535,01/30/2018,Washington Wizards,Oklahoma City Thunder,0.5591212622348616
536,01/31/2018,Brooklyn Nets,Philadelphia 76ers,0.3970042693971499
537,01/31/2018,Boston Celtics,New York Knicks,0.8357915288776813
538,01/31/2018,Portland Trail Blazers,Chicago Bulls,0.825307052697994
539,01/31/2018,Orlando Magic,Los Angeles Lakers,0.4930327279360409
540,01/31/2018,Cleveland Cavaliers,Miami Heat,0.6486917000285934
541,01/31/2018,Phoenix Suns,Dallas Mavericks,0.7170087781708364
542,01/31/2018,Indiana Pacers,Memphis Grizzlies,0.7945495456929907
543,01/31/2018,Atlanta Hawks,Charlotte Hornets,0.5120312359508199
544,02/01/2018,San Antonio Spurs,Houston Rockets,0.4110201369885587
545,02/01/2018,Detroit Pistons,Memphis Grizzlies,0.7274228756343035
546,02/01/2018,Denver Nuggets,Oklahoma City Thunder,0.5471641530349031
547,02/01/2018,Minnesota Timberwolves,Milwaukee Bucks,0.6531278332895597
548,02/01/2018,Washington Wizards,Toronto Raptors,0.4632911850587362
549,02/02/2018,Philadelphia 76ers,Miami Heat,0.551929619459533
550,02/02/2018,Phoenix Suns,Utah Jazz,0.500376401418953
551,02/02/2018,Boston Celtics,Atlanta Hawks,0.9159323411546062
552,02/02/2018,Brooklyn Nets,Los Angeles Lakers,0.5435275652599043
553,02/02/2018,Milwaukee Bucks,New York Knicks,0.7273179647467988
554,02/02/2018,Sacramento Kings,Golden State Warriors,0.10907973432758547
555,02/02/2018,Charlotte Hornets,Indiana Pacers,0.41014131197165676
556,02/02/2018,Toronto Raptors,Portland Trail Blazers,0.7377676125266025
557,02/02/2018,Oklahoma City Thunder,New Orleans Pelicans,0.594081449888913
558,02/03/2018,San Antonio Spurs,Utah Jazz,0.7582380465965555
559,02/03/2018,Cleveland Cavaliers,Houston Rockets,0.408372218029158
560,02/03/2018,Orlando Magic,Washington Wizards,0.2581042438995648
561,02/03/2018,LA Clippers,Chicago Bulls,0.7971108738669258
562,02/03/2018,Detroit Pistons,Miami Heat,0.4992282259734601
563,02/03/2018,Indiana Pacers,Philadelphia 76ers,0.6318442474056621
564,02/03/2018,Sacramento Kings,Dallas Mavericks,0.6543698415261385
565,02/03/2018,Denver Nuggets,Golden State Warriors,0.2874070909183929
566,02/03/2018,Minnesota Timberwolves,New Orleans Pelicans,0.6570083585776478
567,02/04/2018,New York Knicks,Atlanta Hawks,0.7219415674690999
568,02/04/2018,Boston Celtics,Portland Trail Blazers,0.7749133869872853
569,02/04/2018,Phoenix Suns,Charlotte Hornets,0.5279779792329278
570,02/04/2018,Brooklyn Nets,Milwaukee Bucks,0.32397282138518335
571,02/04/2018,Toronto Raptors,Memphis Grizzlies,0.8929829321819518
572,02/04/2018,Oklahoma City Thunder,Los Angeles Lakers,0.7550085066798522
573,02/05/2018,LA Clippers,Dallas Mavericks,0.8481698803340646
574,02/05/2018,Detroit Pistons,Portland Trail Blazers,0.5485370761682548
575,02/05/2018,Miami Heat,Orlando Magic,0.8275327204271825
576,02/05/2018,Indiana Pacers,Washington Wizards,0.5335054400198312
577,02/05/2018,Sacramento Kings,Chicago Bulls,0.6145704727215195
578,02/05/2018,Denver Nuggets,Charlotte Hornets,0.7692663309522617
579,02/05/2018,New Orleans Pelicans,Utah Jazz,0.6941892455211238
580,02/06/2018,Los Angeles Lakers,Phoenix Suns,0.6847876425001608
581,02/06/2018,Toronto Raptors,Boston Celtics,0.5918925336332111
582,02/06/2018,Orlando Magic,Cleveland Cavaliers,0.2604034363431493
583,02/06/2018,Brooklyn Nets,Houston Rockets,0.13926275857195766
584,02/06/2018,New York Knicks,Milwaukee Bucks,0.4018331549586269
585,02/06/2018,Philadelphia 76ers,Washington Wizards,0.5338025748018093
586,02/06/2018,Atlanta Hawks,Memphis Grizzlies,0.5792993421152451
587,02/06/2018,Golden State Warriors,Oklahoma City Thunder,0.8251564041995207
588,02/07/2018,Phoenix Suns,San Antonio Spurs,0.27164058771196603
589,02/07/2018,Detroit Pistons,Brooklyn Nets,0.7732733793713649
590,02/07/2018,Miami Heat,Houston Rockets,0.3043887924818017
591,02/07/2018,Memphis Grizzlies,Utah Jazz,0.4215057302528276
592,02/07/2018,Cleveland Cavaliers,Minnesota Timberwolves,0.6127691092618308
593,02/08/2018,Toronto Raptors,New York Knicks,0.8605592114716732
594,02/08/2018,Washington Wizards,Boston Celtics,0.42913925310603324
595,02/08/2018,Orlando Magic,Atlanta Hawks,0.6125008267532679
596,02/08/2018,Golden State Warriors,Dallas Mavericks,0.9577820215041368
597,02/08/2018,Portland Trail Blazers,Charlotte Hornets,0.7570690827708764
598,02/08/2018,Los Angeles Lakers,Oklahoma City Thunder,0.43519296777182964
599,02/09/2018,Philadelphia 76ers,New Orleans Pelicans,0.6030917372147447
600,02/09/2018,Chicago Bulls,Minnesota Timberwolves,0.2845845899276444
601,02/09/2018,Boston Celtics,Indiana Pacers,0.7483712849874077
602,02/09/2018,Houston Rockets,Denver Nuggets,0.8242417861430101
603,02/09/2018,Detroit Pistons,LA Clippers,0.5371638911413178
604,02/09/2018,Miami Heat,Milwaukee Bucks,0.5705964916456105
605,02/09/2018,Utah Jazz,Charlotte Hornets,0.7134671509212032
606,02/09/2018,Atlanta Hawks,Cleveland Cavaliers,0.24127368722149614
607,02/09/2018,Sacramento Kings,Portland Trail Blazers,0.3234421164083988
608,02/10/2018,Philadelphia 76ers,LA Clippers,0.6237620178727727
609,02/10/2018,Golden State Warriors,San Antonio Spurs,0.8083561181616713
610,02/10/2018,Chicago Bulls,Washington Wizards,0.28707829249011546
611,02/10/2018,Phoenix Suns,Denver Nuggets,0.31936093281974987
612,02/10/2018,Brooklyn Nets,New Orleans Pelicans,0.33283538254498773
613,02/10/2018,Orlando Magic,Milwaukee Bucks,0.3014778950983683
614,02/10/2018,Dallas Mavericks,Los Angeles Lakers,0.4125297794911326
615,02/11/2018,Indiana Pacers,New York Knicks,0.756652819592432
616,02/11/2018,Boston Celtics,Cleveland Cavaliers,0.6580367749166227
617,02/11/2018,Atlanta Hawks,Detroit Pistons,0.4122708973888013
618,02/11/2018,Portland Trail Blazers,Utah Jazz,0.6469275246621915
619,02/11/2018,Houston Rockets,Dallas Mavericks,0.9500327179920163
620,02/11/2018,Minnesota Timberwolves,Sacramento Kings,0.8523710576257363
621,02/11/2018,Oklahoma City Thunder,Memphis Grizzlies,0.8227376816423551
622,02/11/2018,Charlotte Hornets,Toronto Raptors,0.21612054732448263
623,02/12/2018,Utah Jazz,San Antonio Spurs,0.4955185952757012
624,02/12/2018,Philadelphia 76ers,New York Knicks,0.7610354700998874
625,02/12/2018,Golden State Warriors,Phoenix Suns,0.9404856117147239
626,02/12/2018,Brooklyn Nets,LA Clippers,0.33726302522553153
627,02/12/2018,Chicago Bulls,Orlando Magic,0.6059109862844366
628,02/12/2018,Detroit Pistons,New Orleans Pelicans,0.4939999191030668
629,02/13/2018,Milwaukee Bucks,Atlanta Hawks,0.8391774418054689
630,02/13/2018,Dallas Mavericks,Sacramento Kings,0.5093997679388275
631,02/13/2018,Denver Nuggets,San Antonio Spurs,0.587800637694698
632,02/13/2018,Minnesota Timberwolves,Houston Rockets,0.35186104623525427
633,02/13/2018,Toronto Raptors,Miami Heat,0.7783100267273204
634,02/13/2018,Oklahoma City Thunder,Cleveland Cavaliers,0.4965066998505478
635,02/14/2018,Philadelphia 76ers,Miami Heat,0.6469286144583305
636,02/14/2018,Chicago Bulls,Toronto Raptors,0.18045692173242883
637,02/14/2018,New York Knicks,Washington Wizards,0.3629484330652551
638,02/14/2018,Boston Celtics,LA Clippers,0.7283093944389376
639,02/14/2018,Brooklyn Nets,Indiana Pacers,0.2978224290050513
640,02/14/2018,Houston Rockets,Sacramento Kings,0.9334186968900635
641,02/14/2018,Orlando Magic,Charlotte Hornets,0.5190576168446414
642,02/14/2018,Detroit Pistons,Atlanta Hawks,0.7639878538072209
643,02/14/2018,Portland Trail Blazers,Golden State Warriors,0.3033569733382107
644,02/14/2018,Utah Jazz,Phoenix Suns,0.7837844545800003
645,02/14/2018,Memphis Grizzlies,Oklahoma City Thunder,0.3168826831048248
646,02/14/2018,New Orleans Pelicans,Los Angeles Lakers,0.7463280293833944
647,02/15/2018,Minnesota Timberwolves,Los Angeles Lakers,0.7837091308378054
648,02/15/2018,Milwaukee Bucks,Denver Nuggets,0.5861218030679068
649,02/22/2018,Chicago Bulls,Philadelphia 76ers,0.2915688361191446
650,02/22/2018,Orlando Magic,New York Knicks,0.4830648128200626
651,02/22/2018,Charlotte Hornets,Brooklyn Nets,0.6840523406570341
652,02/22/2018,Golden State Warriors,LA Clippers,0.8419160836704452
653,02/22/2018,Cleveland Cavaliers,Washington Wizards,0.6282392364449884
654,02/22/2018,Sacramento Kings,Oklahoma City Thunder,0.3051153648850981
655,02/23/2018,Los Angeles Lakers,Dallas Mavericks,0.7619285158321552
656,02/23/2018,Phoenix Suns,LA Clippers,0.32790161712606475
657,02/23/2018,Houston Rockets,Minnesota Timberwolves,0.8002452053528677
658,02/23/2018,Detroit Pistons,Boston Celtics,0.3588017686857666
659,02/23/2018,Utah Jazz,Portland Trail Blazers,0.5329791287678274
660,02/23/2018,Indiana Pacers,Atlanta Hawks,0.8372890595644674
661,02/23/2018,Denver Nuggets,San Antonio Spurs,0.6250916541415554
662,02/23/2018,Washington Wizards,Charlotte Hornets,0.7797581777870176
663,02/23/2018,Toronto Raptors,Milwaukee Bucks,0.7179933618485835
664,02/23/2018,Memphis Grizzlies,Cleveland Cavaliers,0.24768032067678009
665,02/23/2018,New Orleans Pelicans,Miami Heat,0.6559490441822615
666,02/24/2018,Minnesota Timberwolves,Chicago Bulls,0.8449788225274651
667,02/24/2018,Sacramento Kings,Los Angeles Lakers,0.4576968464428197
668,02/24/2018,New York Knicks,Boston Celtics,0.2788148882176429
669,02/24/2018,Phoenix Suns,Portland Trail Blazers,0.311482441678471
670,02/24/2018,Utah Jazz,Dallas Mavericks,0.8312486698788316
671,02/24/2018,Philadelphia 76ers,Orlando Magic,0.8477011965053584
672,02/24/2018,Miami Heat,Memphis Grizzlies,0.794673600151301
673,02/24/2018,Golden State Warriors,Oklahoma City Thunder,0.8243912740416793
674,02/25/2018,Cleveland Cavaliers,San Antonio Spurs,0.6541531803232867
675,02/25/2018,Milwaukee Bucks,New Orleans Pelicans,0.5916680588229989
676,02/25/2018,Denver Nuggets,Houston Rockets,0.34114635771077273
677,02/25/2018,Charlotte Hornets,Detroit Pistons,0.5355830495414239
678,02/25/2018,Washington Wizards,Philadelphia 76ers,0.6122665503871283
679,02/26/2018,New York Knicks,Golden State Warriors,0.17376131053316676
680,02/26/2018,Brooklyn Nets,Chicago Bulls,0.6149292186339671
681,02/26/2018,New Orleans Pelicans,Phoenix Suns,0.8454535853347901
682,02/26/2018,Atlanta Hawks,Los Angeles Lakers,0.4414042302928616
683,02/26/2018,Toronto Raptors,Detroit Pistons,0.8253627119465965
684,02/26/2018,Dallas Mavericks,Indiana Pacers,0.26395840965158895
685,02/26/2018,Utah Jazz,Houston Rockets,0.261763429871876
686,02/26/2018,Oklahoma City Thunder,Orlando Magic,0.8370332283466814
687,02/26/2018,Sacramento Kings,Minnesota Timberwolves,0.2794530378324872
688,02/26/2018,Boston Celtics,Memphis Grizzlies,0.893532913593716
689,02/27/2018,Miami Heat,Philadelphia 76ers,0.5512644024121799
690,02/27/2018,Charlotte Hornets,Chicago Bulls,0.7221583638203033
691,02/27/2018,Cleveland Cavaliers,Brooklyn Nets,0.86272724551153
692,02/27/2018,Denver Nuggets,LA Clippers,0.612140981683271
693,02/27/2018,Portland Trail Blazers,Sacramento Kings,0.8336558118570001
694,02/27/2018,Milwaukee Bucks,Washington Wizards,0.5522778599600536
695,02/28/2018,San Antonio Spurs,New Orleans Pelicans,0.556875482971225
696,02/28/2018,Boston Celtics,Charlotte Hornets,0.8360455077981422
697,02/28/2018,Orlando Magic,Toronto Raptors,0.17496566291709392
698,02/28/2018,LA Clippers,Houston Rockets,0.30470693233403573
699,02/28/2018,Detroit Pistons,Milwaukee Bucks,0.4870270687577231
700,02/28/2018,Atlanta Hawks,Indiana Pacers,0.33348461120767137
701,02/28/2018,Dallas Mavericks,Oklahoma City Thunder,0.24744413678962604
702,02/28/2018,Washington Wizards,Golden State Warriors,0.3463597376909565
703,02/28/2018,Memphis Grizzlies,Phoenix Suns,0.582128751725245
704,03/01/2018,Cleveland Cavaliers,Philadelphia 76ers,0.637308906693499
705,03/01/2018,Miami Heat,Los Angeles Lakers,0.6713698233556303
706,03/01/2018,Portland Trail Blazers,Minnesota Timberwolves,0.580289662761871
707,03/01/2018,Sacramento Kings,Brooklyn Nets,0.6011403804835501
708,03/02/2018,Philadelphia 76ers,Charlotte Hornets,0.7699908891839021
709,03/02/2018,Chicago Bulls,Dallas Mavericks,0.6583791108257872
710,03/02/2018,Phoenix Suns,Oklahoma City Thunder,0.2921392348197423
711,03/02/2018,Orlando Magic,Detroit Pistons,0.4287225162680773
712,03/02/2018,LA Clippers,New York Knicks,0.7607413898820828
713,03/02/2018,Utah Jazz,Minnesota Timberwolves,0.5188964374214116
714,03/02/2018,Atlanta Hawks,Golden State Warriors,0.126477091510078
715,03/02/2018,Milwaukee Bucks,Indiana Pacers,0.5740037466169663
716,03/02/2018,Washington Wizards,Toronto Raptors,0.4426996240570916
717,03/02/2018,Memphis Grizzlies,Denver Nuggets,0.2827443197202353
718,03/03/2018,San Antonio Spurs,Los Angeles Lakers,0.6858920724663549
719,03/03/2018,Cleveland Cavaliers,Denver Nuggets,0.6091307955498719
720,03/03/2018,Houston Rockets,Boston Celtics,0.7348726320257489
721,03/03/2018,Orlando Magic,Memphis Grizzlies,0.6227679720316687
722,03/03/2018,Miami Heat,Detroit Pistons,0.6856941723394183
723,03/03/2018,Portland Trail Blazers,Oklahoma City Thunder,0.5985874738760794
724,03/03/2018,Sacramento Kings,Utah Jazz,0.3572062489240189
725,03/04/2018,Milwaukee Bucks,Philadelphia 76ers,0.5705398295410196
726,03/04/2018,Sacramento Kings,New York Knicks,0.5262518490052136
727,03/04/2018,Atlanta Hawks,Phoenix Suns,0.6238702953530505
728,03/04/2018,LA Clippers,Brooklyn Nets,0.8282145707485103
729,03/04/2018,Washington Wizards,Indiana Pacers,0.5991416549114826
730,03/04/2018,Toronto Raptors,Charlotte Hornets,0.8674909672380022
731,03/04/2018,Dallas Mavericks,New Orleans Pelicans,0.22357924178782404
732,03/05/2018,Miami Heat,Phoenix Suns,0.8111417896547377
733,03/05/2018,Chicago Bulls,Boston Celtics,0.20838602652764546
734,03/05/2018,Cleveland Cavaliers,Detroit Pistons,0.7623809430998721
735,03/05/2018,Los Angeles Lakers,Portland Trail Blazers,0.4408899734436584
736,03/05/2018,Indiana Pacers,Milwaukee Bucks,0.6303710242886608
737,03/05/2018,Utah Jazz,Orlando Magic,0.7919044435166878
738,03/05/2018,San Antonio Spurs,Memphis Grizzlies,0.8326274677829284
739,03/06/2018,Charlotte Hornets,Philadelphia 76ers,0.376410776082735
740,03/06/2018,Portland Trail Blazers,New York Knicks,0.7991270940673777
741,03/06/2018,Golden State Warriors,Brooklyn Nets,0.9402276946368268
742,03/06/2018,Washington Wizards,Miami Heat,0.6524788816168697
743,03/06/2018,Toronto Raptors,Atlanta Hawks,0.8992118218438476
744,03/06/2018,Oklahoma City Thunder,Houston Rockets,0.3207739255015238
745,03/06/2018,Dallas Mavericks,Denver Nuggets,0.25459049393068345
746,03/06/2018,LA Clippers,New Orleans Pelicans,0.5363757316077322
747,03/07/2018,Denver Nuggets,Cleveland Cavaliers,0.5448898221611514
748,03/07/2018,Milwaukee Bucks,Houston Rockets,0.2880345378533762
749,03/07/2018,Indiana Pacers,Utah Jazz,0.6356262486732399
750,03/07/2018,Los Angeles Lakers,Orlando Magic,0.7442975321005301
751,03/07/2018,Chicago Bulls,Memphis Grizzlies,0.6308128418435048
752,03/07/2018,Detroit Pistons,Toronto Raptors,0.27585575280560043
753,03/07/2018,Sacramento Kings,New Orleans Pelicans,0.2752655918039611
754,03/08/2018,Golden State Warriors,San Antonio Spurs,0.8410478048049584
755,03/08/2018,Miami Heat,Philadelphia 76ers,0.5504524178203731
756,03/08/2018,Charlotte Hornets,Brooklyn Nets,0.6735256777449586
757,03/08/2018,Minnesota Timberwolves,Boston Celtics,0.4610453175901137
758,03/08/2018,Oklahoma City Thunder,Phoenix Suns,0.8367754789423134
759,03/09/2018,Portland Trail Blazers,Golden State Warriors,0.356010436200004
760,03/09/2018,Milwaukee Bucks,New York Knicks,0.7675065499504754
761,03/09/2018,Detroit Pistons,Chicago Bulls,0.7239686341091764
762,03/09/2018,Denver Nuggets,Los Angeles Lakers,0.7224103920828232
763,03/09/2018,LA Clippers,Cleveland Cavaliers,0.5419930550811334
764,03/09/2018,Indiana Pacers,Atlanta Hawks,0.8210764288024198
765,03/09/2018,Toronto Raptors,Houston Rockets,0.5086491596073573
766,03/09/2018,Memphis Grizzlies,Utah Jazz,0.31254102857849425
767,03/09/2018,Sacramento Kings,Orlando Magic,0.6184328287940373
768,03/09/2018,New Orleans Pelicans,Washington Wizards,0.6094610992003379
769,03/10/2018,LA Clippers,Orlando Magic,0.8321375342406787
770,03/10/2018,Miami Heat,Washington Wizards,0.5511493294067801
771,03/10/2018,Dallas Mavericks,Memphis Grizzlies,0.5849492948595297
772,03/10/2018,Charlotte Hornets,Phoenix Suns,0.6984901822138424
773,03/10/2018,Oklahoma City Thunder,San Antonio Spurs,0.6445821192204104
774,03/11/2018,Los Angeles Lakers,Cleveland Cavaliers,0.4447541253873463
775,03/11/2018,New York Knicks,Toronto Raptors,0.20809838972993017
776,03/11/2018,Boston Celtics,Indiana Pacers,0.6904437974485383
777,03/11/2018,Brooklyn Nets,Philadelphia 76ers,0.29681923825623074
778,03/11/2018,Atlanta Hawks,Chicago Bulls,0.5913276634832577
779,03/11/2018,Dallas Mavericks,Houston Rockets,0.10816069023497689
780,03/11/2018,Denver Nuggets,Sacramento Kings,0.8319712038326056
781,03/11/2018,Minnesota Timberwolves,Golden State Warriors,0.34320216485375277
782,03/11/2018,New Orleans Pelicans,Utah Jazz,0.6449433905930514
783,03/12/2018,Houston Rockets,San Antonio Spurs,0.845412654007574
784,03/12/2018,Portland Trail Blazers,Miami Heat,0.6691551161650471
785,03/12/2018,Memphis Grizzlies,Milwaukee Bucks,0.2903316427635102
786,03/12/2018,Oklahoma City Thunder,Sacramento Kings,0.8365899051407907
787,03/13/2018,Philadelphia 76ers,Indiana Pacers,0.5778485994179189
788,03/13/2018,San Antonio Spurs,Orlando Magic,0.8073232927559114
789,03/13/2018,Los Angeles Lakers,Denver Nuggets,0.47963955228172955
790,03/13/2018,Chicago Bulls,LA Clippers,0.3147273482388444
791,03/13/2018,New York Knicks,Dallas Mavericks,0.6815584863971785
792,03/13/2018,Phoenix Suns,Cleveland Cavaliers,0.26500479835604246
793,03/13/2018,Brooklyn Nets,Toronto Raptors,0.16976107178857747
794,03/13/2018,Utah Jazz,Detroit Pistons,0.7163544493490149
795,03/13/2018,Atlanta Hawks,Oklahoma City Thunder,0.29679346713251586
796,03/13/2018,Washington Wizards,Minnesota Timberwolves,0.5844209646275673
797,03/13/2018,New Orleans Pelicans,Charlotte Hornets,0.79153541229995
798,03/14/2018,Golden State Warriors,Los Angeles Lakers,0.8716532011377536
799,03/14/2018,Sacramento Kings,Miami Heat,0.3713098115340288
800,03/14/2018,Orlando Magic,Milwaukee Bucks,0.3363527904478597
801,03/14/2018,Boston Celtics,Washington Wizards,0.6821888204786919
802,03/15/2018,San Antonio Spurs,New Orleans Pelicans,0.538640000407344
803,03/15/2018,New York Knicks,Philadelphia 76ers,0.3438019449413619
804,03/15/2018,Houston Rockets,LA Clippers,0.8201057600604107
805,03/15/2018,Portland Trail Blazers,Cleveland Cavaliers,0.6106032323388237
806,03/15/2018,Indiana Pacers,Toronto Raptors,0.4062836294584952
807,03/15/2018,Utah Jazz,Phoenix Suns,0.8319106023712209
808,03/15/2018,Atlanta Hawks,Charlotte Hornets,0.49814449556901197
809,03/15/2018,Denver Nuggets,Detroit Pistons,0.7466252425833583
810,03/15/2018,Memphis Grizzlies,Chicago Bulls,0.5271609214085294
811,03/16/2018,Philadelphia 76ers,Brooklyn Nets,0.8439787141725434
812,03/16/2018,Orlando Magic,Boston Celtics,0.22204286244186938
813,03/16/2018,Oklahoma City Thunder,LA Clippers,0.6421614189511156
814,03/16/2018,Los Angeles Lakers,Miami Heat,0.5116193555151968
815,03/16/2018,Toronto Raptors,Dallas Mavericks,0.9286572386779053
816,03/16/2018,Golden State Warriors,Sacramento Kings,0.9193610216866207
817,03/17/2018,Phoenix Suns,Golden State Warriors,0.12966070317610598
818,03/17/2018,Chicago Bulls,Cleveland Cavaliers,0.29578478206291947
819,03/17/2018,Portland Trail Blazers,Detroit Pistons,0.7776479373729005
820,03/17/2018,Washington Wizards,Indiana Pacers,0.6122995429436153
821,03/17/2018,Milwaukee Bucks,Atlanta Hawks,0.8151982716893408
822,03/17/2018,New Orleans Pelicans,Houston Rockets,0.3322715305867782
823,03/17/2018,Brooklyn Nets,Dallas Mavericks,0.6425511796165667
824,03/17/2018,Utah Jazz,Sacramento Kings,0.8084519818829506
825,03/17/2018,Memphis Grizzlies,Denver Nuggets,0.2804169458480318
826,03/17/2018,San Antonio Spurs,Minnesota Timberwolves,0.5628748823234296
827,03/17/2018,New York Knicks,Charlotte Hornets,0.5610888269541032
828,03/18/2018,New Orleans Pelicans,Boston Celtics,0.5110615855133495
829,03/18/2018,LA Clippers,Portland Trail Blazers,0.5131447169784643
830,03/18/2018,Minnesota Timberwolves,Houston Rockets,0.31587048324711514
831,03/18/2018,Toronto Raptors,Oklahoma City Thunder,0.7302202116264291
832,03/19/2018,San Antonio Spurs,Golden State Warriors,0.3399534680979865
833,03/19/2018,New York Knicks,Chicago Bulls,0.649289055618185
834,03/19/2018,Indiana Pacers,Los Angeles Lakers,0.7204724185486641
835,03/19/2018,Sacramento Kings,Detroit Pistons,0.47447968571682386
836,03/19/2018,Cleveland Cavaliers,Milwaukee Bucks,0.6601242801734166
837,03/19/2018,Miami Heat,Denver Nuggets,0.5650416412023274
838,03/19/2018,Philadelphia 76ers,Charlotte Hornets,0.7919935314098827
839,03/19/2018,Brooklyn Nets,Memphis Grizzlies,0.644520269115338
840,03/20/2018,Minnesota Timberwolves,LA Clippers,0.6280089208815018
841,03/20/2018,Phoenix Suns,Detroit Pistons,0.42388963663456425
842,03/20/2018,Utah Jazz,Atlanta Hawks,0.8132628380198288
843,03/20/2018,Portland Trail Blazers,Houston Rockets,0.35655930575393363
844,03/20/2018,New Orleans Pelicans,Dallas Mavericks,0.8668763975206543
845,03/20/2018,Orlando Magic,Toronto Raptors,0.1630953494938937
846,03/20/2018,Boston Celtics,Oklahoma City Thunder,0.6648809287827783
847,03/21/2018,Miami Heat,New York Knicks,0.7683421481867615
848,03/21/2018,Milwaukee Bucks,LA Clippers,0.58402528090573
849,03/21/2018,New Orleans Pelicans,Indiana Pacers,0.6270007206049217
850,03/21/2018,Chicago Bulls,Denver Nuggets,0.31191839067765015
851,03/21/2018,San Antonio Spurs,Washington Wizards,0.5713186207345754
852,03/21/2018,Philadelphia 76ers,Memphis Grizzlies,0.8651087011820094
853,03/21/2018,Brooklyn Nets,Charlotte Hornets,0.5124960644088474
854,03/21/2018,Cleveland Cavaliers,Toronto Raptors,0.4620045289647029
855,03/22/2018,Orlando Magic,Philadelphia 76ers,0.2670017919977044
856,03/22/2018,New Orleans Pelicans,Los Angeles Lakers,0.7463683695093895
857,03/22/2018,Houston Rockets,Detroit Pistons,0.9000461910654314
858,03/22/2018,Sacramento Kings,Atlanta Hawks,0.617249883145294
859,03/22/2018,Dallas Mavericks,Utah Jazz,0.27125661877782337
860,03/22/2018,Charlotte Hornets,Memphis Grizzlies,0.7190151146491667
861,03/23/2018,Cleveland Cavaliers,Phoenix Suns,0.8691927118495946
862,03/23/2018,Toronto Raptors,Brooklyn Nets,0.9075391831925537
863,03/23/2018,Portland Trail Blazers,Boston Celtics,0.5146008052082292
864,03/23/2018,Indiana Pacers,LA Clippers,0.6232260442018955
865,03/23/2018,Oklahoma City Thunder,Miami Heat,0.6637167726431844
866,03/23/2018,Golden State Warriors,Atlanta Hawks,0.9238688415544878
867,03/23/2018,Chicago Bulls,Milwaukee Bucks,0.3411904552707701
868,03/23/2018,San Antonio Spurs,Utah Jazz,0.6015284477769451
869,03/23/2018,Washington Wizards,Denver Nuggets,0.5834383062466596
870,03/23/2018,New York Knicks,Minnesota Timberwolves,0.35969353909484814
871,03/24/2018,Philadelphia 76ers,Minnesota Timberwolves,0.6400174656798333
872,03/24/2018,Houston Rockets,New Orleans Pelicans,0.8089048091497894
873,03/24/2018,Orlando Magic,Phoenix Suns,0.6282698792293266
874,03/24/2018,Detroit Pistons,Chicago Bulls,0.7183146238716517
875,03/24/2018,Dallas Mavericks,Charlotte Hornets,0.42646693665175445
876,03/24/2018,Memphis Grizzlies,Los Angeles Lakers,0.3902485379311818
877,03/25/2018,Golden State Warriors,Utah Jazz,0.7891543472477761
878,03/25/2018,Brooklyn Nets,Cleveland Cavaliers,0.26412486398023427
879,03/25/2018,Houston Rockets,Atlanta Hawks,0.9389871154058126
880,03/25/2018,Indiana Pacers,Miami Heat,0.64620516061199
881,03/25/2018,Milwaukee Bucks,San Antonio Spurs,0.5938119353154752
882,03/25/2018,Sacramento Kings,Boston Celtics,0.23909748557988442
883,03/25/2018,Washington Wizards,New York Knicks,0.7746029679067881
884,03/25/2018,Toronto Raptors,LA Clippers,0.7664349588777684
885,03/25/2018,Oklahoma City Thunder,Portland Trail Blazers,0.5859361133207126
886,03/26/2018,Charlotte Hornets,New York Knicks,0.6439584463201186
887,03/26/2018,Detroit Pistons,Los Angeles Lakers,0.5866772009335012
888,03/26/2018,Phoenix Suns,Boston Celtics,0.19219979297958584
889,03/26/2018,Philadelphia 76ers,Denver Nuggets,0.6418779850949222
890,03/26/2018,Minnesota Timberwolves,Memphis Grizzlies,0.8377252347728195
891,03/27/2018,Golden State Warriors,Indiana Pacers,0.7632545798886244
892,03/27/2018,Houston Rockets,Chicago Bulls,0.9398299196382941
893,03/27/2018,LA Clippers,Milwaukee Bucks,0.6059007308698592
894,03/27/2018,Miami Heat,Cleveland Cavaliers,0.5073650719981121
895,03/27/2018,Sacramento Kings,Dallas Mavericks,0.6588706959581553
896,03/27/2018,Washington Wizards,San Antonio Spurs,0.619880207761179
897,03/27/2018,Toronto Raptors,Denver Nuggets,0.7565859826144277
898,03/27/2018,New Orleans Pelicans,Portland Trail Blazers,0.5627947472663852
899,03/28/2018,Philadelphia 76ers,New York Knicks,0.8256585186003046
900,03/28/2018,Los Angeles Lakers,Dallas Mavericks,0.7818450043069068
901,03/28/2018,Phoenix Suns,LA Clippers,0.28223785287500686
902,03/28/2018,Orlando Magic,Brooklyn Nets,0.5772320832683677
903,03/28/2018,Utah Jazz,Boston Celtics,0.4499070932614144
904,03/28/2018,Minnesota Timberwolves,Atlanta Hawks,0.8293124234118131
905,03/28/2018,Charlotte Hornets,Cleveland Cavaliers,0.35990694983391164
906,03/28/2018,Memphis Grizzlies,Portland Trail Blazers,0.2669647597252731
907,03/29/2018,Golden State Warriors,Milwaukee Bucks,0.781001666703354
908,03/29/2018,San Antonio Spurs,Oklahoma City Thunder,0.5584402826089192
909,03/29/2018,Detroit Pistons,Washington Wizards,0.46884333270093675
910,03/29/2018,Miami Heat,Chicago Bulls,0.8128308425415977
911,03/29/2018,Sacramento Kings,Indiana Pacers,0.30565361318778894
912,03/30/2018,Los Angeles Lakers,Milwaukee Bucks,0.4700669683864418
913,03/30/2018,Cleveland Cavaliers,New Orleans Pelicans,0.6491655282730526
914,03/30/2018,Houston Rockets,Phoenix Suns,0.9480863295792228
915,03/30/2018,Orlando Magic,Chicago Bulls,0.57967196308145
916,03/30/2018,Portland Trail Blazers,LA Clippers,0.6481719894570075
917,03/30/2018,Utah Jazz,Memphis Grizzlies,0.8318577714404801
918,03/30/2018,Atlanta Hawks,Philadelphia 76ers,0.251593798761687
919,03/30/2018,Dallas Mavericks,Minnesota Timberwolves,0.2606750661785513
920,03/30/2018,Oklahoma City Thunder,Denver Nuggets,0.5977125119281707
921,03/31/2018,Sacramento Kings,Golden State Warriors,0.17278468633986496
922,03/31/2018,Miami Heat,Brooklyn Nets,0.7867777276066219
923,03/31/2018,New York Knicks,Detroit Pistons,0.4871052454665706
924,03/31/2018,Washington Wizards,Charlotte Hornets,0.7522301787181028
925,03/31/2018,Boston Celtics,Toronto Raptors,0.5563133270094841
926,04/01/2018,Golden State Warriors,Phoenix Suns,0.930234092278587
927,04/01/2018,San Antonio Spurs,Houston Rockets,0.31089034095074053
928,04/01/2018,Los Angeles Lakers,Sacramento Kings,0.7081833217870978
929,04/01/2018,Chicago Bulls,Washington Wizards,0.3352638003571962
930,04/01/2018,Brooklyn Nets,Detroit Pistons,0.44152878615031516
931,04/01/2018,Cleveland Cavaliers,Dallas Mavericks,0.8909030004237537
932,04/01/2018,LA Clippers,Indiana Pacers,0.5401077993068384
933,04/01/2018,Portland Trail Blazers,Memphis Grizzlies,0.8616293231532656
934,04/01/2018,Atlanta Hawks,Orlando Magic,0.6145906226046188
935,04/01/2018,Denver Nuggets,Milwaukee Bucks,0.6254141932823751
936,04/01/2018,Minnesota Timberwolves,Utah Jazz,0.5919924479269774
937,04/01/2018,Charlotte Hornets,Philadelphia 76ers,0.34203004505425844
938,04/01/2018,New Orleans Pelicans,Oklahoma City Thunder,0.5758121003637329
939,04/03/2018,Philadelphia 76ers,Brooklyn Nets,0.8573676329295802
940,04/03/2018,Chicago Bulls,Charlotte Hornets,0.5233000137534127
941,04/03/2018,New York Knicks,Orlando Magic,0.6507599015614995
942,04/03/2018,Phoenix Suns,Sacramento Kings,0.545180857987204
943,04/03/2018,Cleveland Cavaliers,Toronto Raptors,0.5081303707222883
944,04/03/2018,Houston Rockets,Washington Wizards,0.8333479767681938
945,04/03/2018,LA Clippers,San Antonio Spurs,0.600445193937858
946,04/03/2018,Miami Heat,Atlanta Hawks,0.8130450927560994
947,04/03/2018,Utah Jazz,Los Angeles Lakers,0.7347040249447484
948,04/03/2018,Milwaukee Bucks,Boston Celtics,0.45685160693426274
949,04/03/2018,Dallas Mavericks,Portland Trail Blazers,0.23533076948060438
950,04/03/2018,Denver Nuggets,Indiana Pacers,0.5923736547710854
951,04/03/2018,Oklahoma City Thunder,Golden State Warriors,0.3909060409202779
952,04/04/2018,Detroit Pistons,Philadelphia 76ers,0.39316552083065626
953,04/04/2018,Los Angeles Lakers,San Antonio Spurs,0.48300417893553
954,04/04/2018,Toronto Raptors,Boston Celtics,0.6430588576770024
955,04/04/2018,Atlanta Hawks,Miami Heat,0.32306708106267623
956,04/04/2018,Orlando Magic,Dallas Mavericks,0.6560812631824686
957,04/04/2018,New Orleans Pelicans,Memphis Grizzlies,0.8440233838437257
958,04/05/2018,Indiana Pacers,Golden State Warriors,0.4151714297588089
959,04/05/2018,Milwaukee Bucks,Brooklyn Nets,0.7983239556719502
960,04/05/2018,Utah Jazz,LA Clippers,0.6286191999160268
961,04/05/2018,Houston Rockets,Portland Trail Blazers,0.8070309707068659
962,04/05/2018,Cleveland Cavaliers,Washington Wizards,0.6924364314704504
963,04/05/2018,Denver Nuggets,Minnesota Timberwolves,0.6332431841117643
964,04/06/2018,Philadelphia 76ers,Cleveland Cavaliers,0.605085540698485
965,04/06/2018,Los Angeles Lakers,Minnesota Timberwolves,0.4559457758370606
966,04/06/2018,New York Knicks,Miami Heat,0.39213997808696316
967,04/06/2018,Phoenix Suns,New Orleans Pelicans,0.2639854886048961
968,04/06/2018,Boston Celtics,Chicago Bulls,0.8794452187721475
969,04/06/2018,Orlando Magic,Charlotte Hornets,0.48557827657488223
970,04/06/2018,Detroit Pistons,Dallas Mavericks,0.7967124277717456
971,04/06/2018,Washington Wizards,Atlanta Hawks,0.8079518636602282
972,04/06/2018,Toronto Raptors,Indiana Pacers,0.7290099045631964
973,04/06/2018,Memphis Grizzlies,Sacramento Kings,0.5430949524192595
974,04/07/2018,Golden State Warriors,New Orleans Pelicans,0.7537646152342015
975,04/07/2018,San Antonio Spurs,Portland Trail Blazers,0.5492870173857918
976,04/07/2018,Chicago Bulls,Brooklyn Nets,0.5734640848408912
977,04/07/2018,New York Knicks,Milwaukee Bucks,0.36709558773538925
978,04/07/2018,Houston Rockets,Oklahoma City Thunder,0.8125546019572143
979,04/07/2018,LA Clippers,Denver Nuggets,0.5326515407651721
980,04/08/2018,Phoenix Suns,Golden State Warriors,0.1396872036004348
981,04/08/2018,Charlotte Hornets,Indiana Pacers,0.3735225381267987
982,04/08/2018,Memphis Grizzlies,Detroit Pistons,0.40699441531151137
983,04/08/2018,Boston Celtics,Atlanta Hawks,0.879653664013565
984,04/08/2018,Los Angeles Lakers,Utah Jazz,0.4193612428186926
985,04/08/2018,Philadelphia 76ers,Dallas Mavericks,0.9040166910929157
986,04/08/2018,Toronto Raptors,Orlando Magic,0.9107894376672193
987,04/09/2018,Brooklyn Nets,Chicago Bulls,0.6297351181642806
988,04/09/2018,New York Knicks,Cleveland Cavaliers,0.28549048092026524
989,04/09/2018,Denver Nuggets,Portland Trail Blazers,0.6181831757625059
990,04/09/2018,San Antonio Spurs,Sacramento Kings,0.8050360415074421
991,04/09/2018,Milwaukee Bucks,Orlando Magic,0.8300825657409245
992,04/09/2018,Detroit Pistons,Toronto Raptors,0.29676942272538376
993,04/09/2018,Minnesota Timberwolves,Memphis Grizzlies,0.8369888794603042
994,04/09/2018,Miami Heat,Oklahoma City Thunder,0.5361188930014893
995,04/09/2018,LA Clippers,New Orleans Pelicans,0.5383726353018369
996,04/10/2018,Atlanta Hawks,Philadelphia 76ers,0.2367270609378088
997,04/10/2018,Utah Jazz,Golden State Warriors,0.4299807129557071
998,04/10/2018,Dallas Mavericks,Phoenix Suns,0.5578918939960884
999,04/10/2018,Washington Wizards,Boston Celtics,0.4643970283787812
1000,04/10/2018,Los Angeles Lakers,Houston Rockets,0.19797475846491266
1001,04/10/2018,Indiana Pacers,Charlotte Hornets,0.7694965346568723
1002,04/11/2018,New Orleans Pelicans,San Antonio Spurs,0.6453248640308491
1003,04/11/2018,Cleveland Cavaliers,New York Knicks,0.8372698108965875
1004,04/11/2018,Boston Celtics,Brooklyn Nets,0.8652013661544469
1005,04/11/2018,LA Clippers,Los Angeles Lakers,0.6933031447317414
1006,04/11/2018,Chicago Bulls,Detroit Pistons,0.4346128355207884
1007,04/11/2018,Philadelphia 76ers,Milwaukee Bucks,0.7003347127066613
1008,04/11/2018,Sacramento Kings,Houston Rockets,0.1385972478532366
1009,04/11/2018,Portland Trail Blazers,Utah Jazz,0.5969935719688823
1010,04/11/2018,Minnesota Timberwolves,Denver Nuggets,0.5713299530025909
1011,04/11/2018,Orlando Magic,Washington Wizards,0.3337832719659826
1012,04/11/2018,Oklahoma City Thunder,Memphis Grizzlies,0.8571382421761389
1013,04/11/2018,Miami Heat,Toronto Raptors,0.3918179128119091
