,Home,Away,Home Team Win Probability
0,Philadelphia 76ers,Utah Jazz,0.7067144919190201
1,Boston Celtics,Toronto Raptors,0.38101411836421223
2,Indiana Pacers,Miami Heat,0.7632287322726913
3,Milwaukee Bucks,Chicago Bulls,0.9162297753757525
4,Minnesota Timberwolves,Portland Trail Blazers,0.37128841168324966
5,Washington Wizards,Brooklyn Nets,0.48233278673947033
6,Memphis Grizzlies,Sacramento Kings,0.6982954685880639
7,New Orleans Pelicans,New York Knicks,0.8320219765851423
8,Chicago Bulls,Toronto Raptors,0.13574260790703663
9,Phoenix Suns,Oklahoma City Thunder,0.2004230046920403
10,Boston Celtics,Utah Jazz,0.6015024539920877
11,Brooklyn Nets,LA Clippers,0.3414840652656319
12,Houston Rockets,Sacramento Kings,0.6393067512977985
13,Orlando Magic,Los Angeles Lakers,0.534838162993943
14,Indiana Pacers,Atlanta Hawks,0.8908450956414324
15,Dallas Mavericks,Golden State Warriors,0.3614032213994176
16,Charlotte Hornets,Philadelphia 76ers,0.3991663732357122
17,New Orleans Pelicans,Denver Nuggets,0.5494867320439791
18,San Antonio Spurs,Golden State Warriors,0.41936106853838645
19,Orlando Magic,New York Knicks,0.8265856751002324
20,Miami Heat,Los Angeles Lakers,0.40297434336058174
21,Minnesota Timberwolves,Memphis Grizzlies,0.34551678841224887
22,Washington Wizards,Portland Trail Blazers,0.24626926735141183
23,Philadelphia 76ers,Phoenix Suns,0.8885088621858506
24,Detroit Pistons,Cleveland Cavaliers,0.8897583114688808
25,Atlanta Hawks,LA Clippers,0.17562948603764417
26,Indiana Pacers,Utah Jazz,0.731151231792543
27,Milwaukee Bucks,Denver Nuggets,0.7350765992761147
28,Sacramento Kings,Oklahoma City Thunder,0.51471282247485
29,Charlotte Hornets,Boston Celtics,0.582499755001673
30,Memphis Grizzlies,Dallas Mavericks,0.7851341261206571
31,New Orleans Pelicans,San Antonio Spurs,0.7101087143128694
32,New York Knicks,Portland Trail Blazers,0.1819830934426091
33,Orlando Magic,Toronto Raptors,0.31187315737866284
34,Miami Heat,Brooklyn Nets,0.5136573369927355
35,Washington Wizards,LA Clippers,0.3043138730867903
36,Philadelphia 76ers,New Orleans Pelicans,0.6964417044863913
37,Golden State Warriors,Oklahoma City Thunder,0.6012885886616198
38,San Antonio Spurs,Memphis Grizzlies,0.33528845790044387
39,Chicago Bulls,Phoenix Suns,0.6624215328699424
40,Boston Celtics,New York Knicks,0.7449410334370447
41,Cleveland Cavaliers,Los Angeles Lakers,0.1786609860547571
42,Houston Rockets,Detroit Pistons,0.6420118654462541
43,Atlanta Hawks,Toronto Raptors,0.11267300474116818
44,Utah Jazz,Sacramento Kings,0.49438949648538466
45,Dallas Mavericks,Brooklyn Nets,0.6583737922318472
46,Milwaukee Bucks,Portland Trail Blazers,0.6698563980230132
47,Minnesota Timberwolves,Denver Nuggets,0.380876415156667
48,Charlotte Hornets,Indiana Pacers,0.4821616162856824
49,Philadelphia 76ers,Cleveland Cavaliers,0.9133731200471655
50,Golden State Warriors,Portland Trail Blazers,0.6103942265935742
51,Los Angeles Lakers,Utah Jazz,0.7738048283653269
52,Chicago Bulls,Miami Heat,0.4564790785065459
53,New York Knicks,New Orleans Pelicans,0.3592182517559727
54,Brooklyn Nets,Minnesota Timberwolves,0.5808366727286776
55,LA Clippers,Memphis Grizzlies,0.6045527102368591
56,Detroit Pistons,Houston Rockets,0.6155830507850192
57,Indiana Pacers,San Antonio Spurs,0.7054732398999142
58,Atlanta Hawks,Boston Celtics,0.2983172633073865
59,Milwaukee Bucks,Phoenix Suns,0.9102834188493534
60,Denver Nuggets,Orlando Magic,0.7404829031267092
61,Toronto Raptors,Washington Wizards,0.9215921440666478
62,Oklahoma City Thunder,Charlotte Hornets,0.7657938924521782
63,Golden State Warriors,Sacramento Kings,0.7393570295355676
64,Cleveland Cavaliers,Houston Rockets,0.2867321761524152
65,Dallas Mavericks,Boston Celtics,0.6660540975762129
66,Milwaukee Bucks,San Antonio Spurs,0.8379645272416063
67,Minnesota Timberwolves,Chicago Bulls,0.7760763514122165
68,Washington Wizards,New Orleans Pelicans,0.4454270479734517
69,Oklahoma City Thunder,Denver Nuggets,0.56153319718615
70,Los Angeles Lakers,Orlando Magic,0.6972444706330907
71,Brooklyn Nets,Philadelphia 76ers,0.30189742708357364
72,Detroit Pistons,Phoenix Suns,0.8797911572819151
73,Portland Trail Blazers,LA Clippers,0.5097395783523937
74,Atlanta Hawks,Charlotte Hornets,0.3620598516075697
75,Sacramento Kings,Utah Jazz,0.6348823784555917
76,Toronto Raptors,Miami Heat,0.9180156608012495
77,Memphis Grizzlies,New York Knicks,0.8371776017866221
78,Golden State Warriors,Orlando Magic,0.798658243547819
79,Chicago Bulls,San Antonio Spurs,0.34034735835291047
80,Cleveland Cavaliers,Minnesota Timberwolves,0.3216867827457017
81,Utah Jazz,Indiana Pacers,0.4263647044259888
82,Charlotte Hornets,Milwaukee Bucks,0.3515333704904269
83,Washington Wizards,Houston Rockets,0.47767099126292295
84,New Orleans Pelicans,Boston Celtics,0.5962602465149917
85,Phoenix Suns,Indiana Pacers,0.20252648873014423
86,Detroit Pistons,New York Knicks,0.8503371171051414
87,Miami Heat,Atlanta Hawks,0.6774827885521321
88,Denver Nuggets,Los Angeles Lakers,0.6907650369669799
89,Memphis Grizzlies,Toronto Raptors,0.3308126003887592
90,Philadelphia 76ers,New York Knicks,0.876023023140057
91,Brooklyn Nets,Utah Jazz,0.4880113873233038
92,Houston Rockets,Dallas Mavericks,0.5283721961836301
93,LA Clippers,Phoenix Suns,0.9207377292501785
94,Portland Trail Blazers,Orlando Magic,0.757836514333334
95,Milwaukee Bucks,Chicago Bulls,0.9206131432613491
96,Minnesota Timberwolves,San Antonio Spurs,0.6369946287330538
97,Charlotte Hornets,Atlanta Hawks,0.7948226330008293
98,Oklahoma City Thunder,Cleveland Cavaliers,0.8996701776464291
99,New Orleans Pelicans,Washington Wizards,0.7201349478178413
100,Los Angeles Lakers,Indiana Pacers,0.5941027951843202
101,Sacramento Kings,LA Clippers,0.3429090307000696
102,Toronto Raptors,Golden State Warriors,0.7639592045266593
103,Philadelphia 76ers,Washington Wizards,0.8461247152970576
104,San Antonio Spurs,Houston Rockets,0.5134890589880655
105,Los Angeles Lakers,Dallas Mavericks,0.6754446804754056
106,Phoenix Suns,Orlando Magic,0.33172886604450613
107,Boston Celtics,Cleveland Cavaliers,0.8383477309439863
108,Brooklyn Nets,Memphis Grizzlies,0.3330003957258277
109,Miami Heat,New Orleans Pelicans,0.48895437166908934
110,Detroit Pistons,Chicago Bulls,0.8975747884746452
111,Portland Trail Blazers,Denver Nuggets,0.5101607530231651
112,Charlotte Hornets,Utah Jazz,0.5580701256980032
113,Oklahoma City Thunder,Atlanta Hawks,0.8837679595400167
114,New York Knicks,Milwaukee Bucks,0.26698093933074
115,Cleveland Cavaliers,Toronto Raptors,0.0827389673769838
116,Houston Rockets,Chicago Bulls,0.8536287131620302
117,Detroit Pistons,Golden State Warriors,0.6179369466640244
118,Sacramento Kings,Indiana Pacers,0.5304443956929131
119,Minnesota Timberwolves,Boston Celtics,0.5365791890969258
120,Washington Wizards,Brooklyn Nets,0.6460419175748424
121,Philadelphia 76ers,Memphis Grizzlies,0.7012489426595575
122,San Antonio Spurs,Portland Trail Blazers,0.4749213326341141
123,Los Angeles Lakers,Phoenix Suns,0.9003516607978395
124,Miami Heat,Utah Jazz,0.5327575944394563
125,Dallas Mavericks,LA Clippers,0.4594690075442055
126,Charlotte Hornets,New Orleans Pelicans,0.5188984913431974
127,New York Knicks,Washington Wizards,0.4960363974218289
128,Brooklyn Nets,Cleveland Cavaliers,0.6931597836672871
129,Detroit Pistons,Oklahoma City Thunder,0.5560595323199137
130,Atlanta Hawks,Golden State Warriors,0.2062265499630834
131,Minnesota Timberwolves,Houston Rockets,0.5769328492179916
132,Toronto Raptors,Denver Nuggets,0.714190906598831
133,New Orleans Pelicans,LA Clippers,0.37449476651077956
134,Phoenix Suns,Sacramento Kings,0.26352505921255404
135,Miami Heat,Orlando Magic,0.4941973145009839
136,Indiana Pacers,Chicago Bulls,0.8879357421153189
137,Utah Jazz,San Antonio Spurs,0.6505503341928193
138,Dallas Mavericks,Portland Trail Blazers,0.6142666138457266
139,Los Angeles Lakers,San Antonio Spurs,0.7894652861376736
140,Brooklyn Nets,Oklahoma City Thunder,0.2344724574612647
141,Cleveland Cavaliers,Golden State Warriors,0.17960069302545936
142,Orlando Magic,Denver Nuggets,0.3510947149987077
143,Atlanta Hawks,Washington Wizards,0.3863839663487419
144,Milwaukee Bucks,Detroit Pistons,0.674965845332117
145,Minnesota Timberwolves,Charlotte Hornets,0.686332646758966
146,Memphis Grizzlies,LA Clippers,0.5289393081261698
147,Toronto Raptors,Philadelphia 76ers,0.7377342352974912
148,New Orleans Pelicans,Dallas Mavericks,0.5521610347864294
149,Boston Celtics,New York Knicks,0.7907858255073801
150,Portland Trail Blazers,Phoenix Suns,0.876677806590416
151,Utah Jazz,Houston Rockets,0.6089537299128995
152,San Antonio Spurs,Los Angeles Lakers,0.4101629630899553
153,Chicago Bulls,Oklahoma City Thunder,0.18479120422899561
154,Phoenix Suns,Miami Heat,0.338639600587447
155,Brooklyn Nets,Toronto Raptors,0.16806313408246412
156,Cleveland Cavaliers,Sacramento Kings,0.25070711128398654
157,Orlando Magic,Indiana Pacers,0.4376633966766991
158,Detroit Pistons,Philadelphia 76ers,0.47781654892086595
159,Milwaukee Bucks,Golden State Warriors,0.5710901224278494
160,Charlotte Hornets,Denver Nuggets,0.3482422342939341
161,New Orleans Pelicans,Memphis Grizzlies,0.4523279590925106
162,Chicago Bulls,Boston Celtics,0.247324495203688
163,New York Knicks,Brooklyn Nets,0.5273592695670014
164,Cleveland Cavaliers,Washington Wizards,0.38803962120672864
165,LA Clippers,Miami Heat,0.7815874177281498
166,Portland Trail Blazers,Minnesota Timberwolves,0.6899817341809009
167,Atlanta Hawks,Denver Nuggets,0.2061932222702351
168,Indiana Pacers,Sacramento Kings,0.6914183878416752
169,Dallas Mavericks,Houston Rockets,0.6915566762825981
170,Memphis Grizzlies,Los Angeles Lakers,0.5570643362709922
171,San Antonio Spurs,Utah Jazz,0.5603440985418401
172,New York Knicks,Charlotte Hornets,0.396774853183788
173,Detroit Pistons,New Orleans Pelicans,0.6389236406754158
174,Toronto Raptors,Milwaukee Bucks,0.6857183322295257
175,Philadelphia 76ers,Detroit Pistons,0.7546246630384322
176,Golden State Warriors,Minnesota Timberwolves,0.7909890295833979
177,Chicago Bulls,Sacramento Kings,0.26912232891098953
178,Los Angeles Lakers,Miami Heat,0.7943356588943078
179,Phoenix Suns,LA Clippers,0.15113703343346777
180,Boston Celtics,New Orleans Pelicans,0.6781640322851096
181,Indiana Pacers,Washington Wizards,0.8001617869028721
182,Dallas Mavericks,Orlando Magic,0.7373306034094724
183,Milwaukee Bucks,Cleveland Cavaliers,0.9147082373596388
184,Denver Nuggets,Memphis Grizzlies,0.689270812091379
185,Oklahoma City Thunder,Utah Jazz,0.7765692484539661
186,San Antonio Spurs,Phoenix Suns,0.8514681473323227
187,Houston Rockets,Portland Trail Blazers,0.5215425156897157
188,LA Clippers,Toronto Raptors,0.453113584747894
189,Philadelphia 76ers,Brooklyn Nets,0.8397262187802386
190,Golden State Warriors,Toronto Raptors,0.48125496944841745
191,Cleveland Cavaliers,New York Knicks,0.5649074601247501
192,Utah Jazz,Miami Heat,0.682360112838025
193,Indiana Pacers,Milwaukee Bucks,0.5890624994718158
194,Dallas Mavericks,Atlanta Hawks,0.8701153151605733
195,Sacramento Kings,Minnesota Timberwolves,0.6989907527759586
196,Charlotte Hornets,Detroit Pistons,0.5726697913508034
197,Washington Wizards,Boston Celtics,0.37521763829406773
198,Memphis Grizzlies,Portland Trail Blazers,0.6430081016023387
199,New Orleans Pelicans,Oklahoma City Thunder,0.44084066190129056
200,San Antonio Spurs,LA Clippers,0.46005881822247413
201,Phoenix Suns,Dallas Mavericks,0.20429742006391524
202,Houston Rockets,Los Angeles Lakers,0.4767219337604345
203,Orlando Magic,Chicago Bulls,0.8157779981064759
204,Philadelphia 76ers,Indiana Pacers,0.5874054416254013
205,Boston Celtics,Atlanta Hawks,0.8855033969757545
206,Brooklyn Nets,Washington Wizards,0.6299512938323282
207,Cleveland Cavaliers,Milwaukee Bucks,0.17315264409520498
208,Portland Trail Blazers,Toronto Raptors,0.38107293308929824
209,Sacramento Kings,Golden State Warriors,0.4343246656535435
210,Denver Nuggets,Oklahoma City Thunder,0.6536083724173999
211,Charlotte Hornets,New York Knicks,0.7589832491793136
212,Memphis Grizzlies,Miami Heat,0.7265443031740838
213,San Antonio Spurs,Chicago Bulls,0.8209716537212564
214,Phoenix Suns,Minnesota Timberwolves,0.34569446640861556
215,Orlando Magic,Utah Jazz,0.6002604651859426
216,Detroit Pistons,Boston Celtics,0.5247571029470488
217,Charlotte Hornets,Los Angeles Lakers,0.3862248290235291
218,Memphis Grizzlies,Houston Rockets,0.6052351513702913
219,Oklahoma City Thunder,LA Clippers,0.6426735613162644
220,Brooklyn Nets,Atlanta Hawks,0.7783036105532258
221,Cleveland Cavaliers,Philadelphia 76ers,0.16226672123559602
222,Indiana Pacers,New York Knicks,0.8976878814253297
223,Dallas Mavericks,Sacramento Kings,0.60087826866865
224,Denver Nuggets,Toronto Raptors,0.5597441163386706
225,Washington Wizards,Los Angeles Lakers,0.34298196071087783
226,New Orleans Pelicans,Miami Heat,0.6332859034931533
227,Golden State Warriors,Memphis Grizzlies,0.7602189700108113
228,San Antonio Spurs,Philadelphia 76ers,0.41777613153693
229,New York Knicks,Phoenix Suns,0.6385826810476275
230,Houston Rockets,Utah Jazz,0.6932662589338519
231,LA Clippers,Portland Trail Blazers,0.5947751426681828
232,Detroit Pistons,Milwaukee Bucks,0.3953863534960797
233,Minnesota Timberwolves,Sacramento Kings,0.5049434938231472
234,Oklahoma City Thunder,Chicago Bulls,0.9144148737603324
235,Brooklyn Nets,Los Angeles Lakers,0.41964205237053204
236,Indiana Pacers,Cleveland Cavaliers,0.905747391812171
237,Atlanta Hawks,Washington Wizards,0.46104849805441683
238,Denver Nuggets,Dallas Mavericks,0.7713568214755877
239,Philadelphia 76ers,New York Knicks,0.9031438322503229
240,Chicago Bulls,Brooklyn Nets,0.31215854767011036
241,Boston Celtics,Phoenix Suns,0.8656857329294272
242,Houston Rockets,Washington Wizards,0.7932874650581001
243,Orlando Magic,San Antonio Spurs,0.5490273591137473
244,Portland Trail Blazers,Memphis Grizzlies,0.6910414544582482
245,Utah Jazz,Golden State Warriors,0.37408404265274564
246,Milwaukee Bucks,New Orleans Pelicans,0.8078692541999425
247,Sacramento Kings,Oklahoma City Thunder,0.41257125698882086
248,Minnesota Timberwolves,Detroit Pistons,0.4898472351595518
249,Charlotte Hornets,Cleveland Cavaliers,0.8162357516947336
250,Toronto Raptors,Indiana Pacers,0.7095077495424987
251,LA Clippers,Dallas Mavericks,0.6809603756842199
252,Miami Heat,Houston Rockets,0.5090824473331297
253,San Antonio Spurs,Minnesota Timberwolves,0.7022176620890286
254,Los Angeles Lakers,New Orleans Pelicans,0.752590208000938
255,Chicago Bulls,Orlando Magic,0.351413218786316
256,New York Knicks,Atlanta Hawks,0.5529953245120242
257,Boston Celtics,Milwaukee Bucks,0.4100312014762751
258,Brooklyn Nets,Indiana Pacers,0.37328145548464875
259,Portland Trail Blazers,Utah Jazz,0.6879931401523951
260,Sacramento Kings,Memphis Grizzlies,0.6413465298270856
261,Charlotte Hornets,Detroit Pistons,0.5748735653152197
262,Toronto Raptors,Cleveland Cavaliers,0.9447305369645859
263,Philadelphia 76ers,Toronto Raptors,0.524517713825139
264,Golden State Warriors,Dallas Mavericks,0.7786659244810946
265,Houston Rockets,San Antonio Spurs,0.6622132117758144
266,LA Clippers,Denver Nuggets,0.5067214583717099
267,Miami Heat,Milwaukee Bucks,0.362123468331661
268,Utah Jazz,Oklahoma City Thunder,0.3506795436867952
269,Washington Wizards,Phoenix Suns,0.7407277139048937
270,Golden State Warriors,LA Clippers,0.7027160631290764
271,Los Angeles Lakers,Memphis Grizzlies,0.6869200452688909
272,Boston Celtics,Charlotte Hornets,0.6969740227893383
273,Brooklyn Nets,Phoenix Suns,0.8148619496036758
274,Cleveland Cavaliers,Chicago Bulls,0.54921315886695
275,Orlando Magic,Miami Heat,0.5142171927710478
276,Detroit Pistons,Atlanta Hawks,0.7736662180469119
277,Portland Trail Blazers,Dallas Mavericks,0.7145137220857631
278,Indiana Pacers,Washington Wizards,0.8482095902821973
279,Sacramento Kings,New Orleans Pelicans,0.7120772302680372
280,Oklahoma City Thunder,Minnesota Timberwolves,0.8111366613339317
281,New York Knicks,Milwaukee Bucks,0.14171958052750422
282,Golden State Warriors,Los Angeles Lakers,0.6762661125022986
283,Boston Celtics,Philadelphia 76ers,0.5153604856072995
284,Houston Rockets,Oklahoma City Thunder,0.5193715120877767
285,Utah Jazz,Portland Trail Blazers,0.4990588384376161
286,San Antonio Spurs,Denver Nuggets,0.416530568308672
287,Chicago Bulls,Minnesota Timberwolves,0.3518642367540056
288,Brooklyn Nets,Charlotte Hornets,0.6260561154101374
289,Orlando Magic,Phoenix Suns,0.755537347682663
290,LA Clippers,Sacramento Kings,0.6807556726851098
291,Detroit Pistons,Washington Wizards,0.7463961680414976
292,Miami Heat,Toronto Raptors,0.3023277344462607
293,Atlanta Hawks,Indiana Pacers,0.2027934077667864
294,Dallas Mavericks,New Orleans Pelicans,0.6742880182226636
295,Memphis Grizzlies,Cleveland Cavaliers,0.8663510738935501
296,Golden State Warriors,Portland Trail Blazers,0.6682134331328926
297,Houston Rockets,Boston Celtics,0.632059065150688
298,Utah Jazz,Philadelphia 76ers,0.3826107113649628
299,Milwaukee Bucks,New York Knicks,0.933423990263664
300,Sacramento Kings,Los Angeles Lakers,0.5527567615356022
301,Los Angeles Lakers,LA Clippers,0.5312735041368162
302,Phoenix Suns,Oklahoma City Thunder,0.17655368592966228
303,Orlando Magic,Toronto Raptors,0.2732068457318109
304,Miami Heat,Cleveland Cavaliers,0.8570298158739116
305,Indiana Pacers,Detroit Pistons,0.7764510209483101
306,Denver Nuggets,San Antonio Spurs,0.7804128703520772
307,Minnesota Timberwolves,Atlanta Hawks,0.7171696898505052
308,Charlotte Hornets,Brooklyn Nets,0.5994550156260968
309,Washington Wizards,Chicago Bulls,0.6906392342077344
310,New Orleans Pelicans,Dallas Mavericks,0.5474733234423186
311,Phoenix Suns,Denver Nuggets,0.1474261521538463
312,LA Clippers,San Antonio Spurs,0.6907544975565354
313,Portland Trail Blazers,Golden State Warriors,0.4864704981996297
314,Utah Jazz,New York Knicks,0.8384452946507265
315,Atlanta Hawks,Cleveland Cavaliers,0.7556290236690929
316,Milwaukee Bucks,Brooklyn Nets,0.8329330290727759
317,Washington Wizards,Charlotte Hornets,0.4937195256692399
318,Memphis Grizzlies,Boston Celtics,0.5108859713380715
319,New Orleans Pelicans,Houston Rockets,0.3859203204280747
320,Los Angeles Lakers,Sacramento Kings,0.6495965150610015
321,Orlando Magic,Detroit Pistons,0.5613732544033753
322,Miami Heat,Minnesota Timberwolves,0.6287685300226599
323,Portland Trail Blazers,Philadelphia 76ers,0.5268530656178878
324,Dallas Mavericks,Oklahoma City Thunder,0.43943166059042166
325,Toronto Raptors,Chicago Bulls,0.9327861738570183
326,San Antonio Spurs,Boston Celtics,0.5563642466828719
327,Phoenix Suns,Golden State Warriors,0.16144137576103018
328,Houston Rockets,Memphis Grizzlies,0.7295806483973333
329,Indiana Pacers,Atlanta Hawks,0.882830990190786
330,Charlotte Hornets,Orlando Magic,0.6320726961866694
331,Oklahoma City Thunder,Dallas Mavericks,0.7515368260386586
332,New Orleans Pelicans,Minnesota Timberwolves,0.5990372029376854
333,LA Clippers,Philadelphia 76ers,0.51700203397194
334,Sacramento Kings,Portland Trail Blazers,0.5044581312688264
335,Milwaukee Bucks,Detroit Pistons,0.8260635458184097
336,Denver Nuggets,New York Knicks,0.9343742660427401
337,Toronto Raptors,Utah Jazz,0.8313950568758488
338,Los Angeles Lakers,Oklahoma City Thunder,0.493894826283844
339,Chicago Bulls,Orlando Magic,0.36551281210167846
340,Phoenix Suns,Philadelphia 76ers,0.1710018050108088
341,Boston Celtics,Minnesota Timberwolves,0.7395962900322042
342,Brooklyn Nets,New Orleans Pelicans,0.6348440220782563
343,Cleveland Cavaliers,Miami Heat,0.2606302885626113
344,Charlotte Hornets,Dallas Mavericks,0.545526597126791
345,Washington Wizards,Atlanta Hawks,0.6567309312502283
346,Memphis Grizzlies,Detroit Pistons,0.5819666716782748
347,Golden State Warriors,Houston Rockets,0.6168319466220009
348,San Antonio Spurs,Toronto Raptors,0.3931511065536218
349,Sacramento Kings,Denver Nuggets,0.345315338192212
350,Los Angeles Lakers,New York Knicks,0.858816977297317
351,Chicago Bulls,Indiana Pacers,0.15477852892779256
352,Phoenix Suns,LA Clippers,0.21445682079873293
353,Boston Celtics,Dallas Mavericks,0.6958752171217663
354,Cleveland Cavaliers,Utah Jazz,0.27240419856611475
355,Miami Heat,Washington Wizards,0.7350471358370989
356,Portland Trail Blazers,Oklahoma City Thunder,0.5004370879621233
357,Milwaukee Bucks,Atlanta Hawks,0.9031872137830006
358,Minnesota Timberwolves,Orlando Magic,0.598613178037309
359,Memphis Grizzlies,Brooklyn Nets,0.56314199125566
360,Philadelphia 76ers,Dallas Mavericks,0.781956744130299
361,San Antonio Spurs,Memphis Grizzlies,0.6967571044637358
362,Cleveland Cavaliers,New Orleans Pelicans,0.30776437893889713
363,Detroit Pistons,Utah Jazz,0.5635176731955094
364,Portland Trail Blazers,Houston Rockets,0.5622225341582743
365,Milwaukee Bucks,Toronto Raptors,0.5818730891806175
366,Sacramento Kings,Golden State Warriors,0.38622621718044114
367,Denver Nuggets,Charlotte Hornets,0.8403981408180501
368,Chicago Bulls,Brooklyn Nets,0.30481499686992675
369,Phoenix Suns,Charlotte Hornets,0.33275758608630573
370,LA Clippers,Orlando Magic,0.7707914050889018
371,Atlanta Hawks,Miami Heat,0.4168190904925431
372,Minnesota Timberwolves,Los Angeles Lakers,0.5100901575425266
373,Toronto Raptors,Indiana Pacers,0.6469212957461846
374,Oklahoma City Thunder,Washington Wizards,0.8192376490291078
375,Boston Celtics,Brooklyn Nets,0.7004962102521651
376,Houston Rockets,Denver Nuggets,0.5067989791034796
377,Detroit Pistons,San Antonio Spurs,0.47988456040311045
378,Portland Trail Blazers,New York Knicks,0.887197523150274
379,Dallas Mavericks,Los Angeles Lakers,0.4987256824883418
380,Milwaukee Bucks,Utah Jazz,0.808458513855938
381,Sacramento Kings,Orlando Magic,0.6749542893797582
382,New Orleans Pelicans,Memphis Grizzlies,0.6204504037989331
383,Philadelphia 76ers,Washington Wizards,0.8492674053326487
384,Golden State Warriors,New York Knicks,0.9179630981186905
385,Phoenix Suns,Sacramento Kings,0.3392711520257439
386,Cleveland Cavaliers,Indiana Pacers,0.13157294701162495
387,Miami Heat,Denver Nuggets,0.3427718359211643
388,LA Clippers,Charlotte Hornets,0.7566933592630107
389,Toronto Raptors,Atlanta Hawks,0.8974556060452709
390,Oklahoma City Thunder,Minnesota Timberwolves,0.741133973424187
391,Los Angeles Lakers,Detroit Pistons,0.7085946111620969
392,Boston Celtics,Indiana Pacers,0.519823582016896
393,Brooklyn Nets,Atlanta Hawks,0.7609470532695767
394,Houston Rockets,Milwaukee Bucks,0.4681082011039086
395,Portland Trail Blazers,Chicago Bulls,0.8867056293436152
396,Dallas Mavericks,Phoenix Suns,0.8068876323077234
397,Utah Jazz,Orlando Magic,0.6941162528265362
398,Washington Wizards,Philadelphia 76ers,0.3103513561807634
399,Memphis Grizzlies,San Antonio Spurs,0.49229260661894203
400,New Orleans Pelicans,Cleveland Cavaliers,0.8494024946003759
401,San Antonio Spurs,Oklahoma City Thunder,0.5406572123552212
402,Miami Heat,Boston Celtics,0.4927710895166536
403,Sacramento Kings,Detroit Pistons,0.6567594201134533
404,Denver Nuggets,LA Clippers,0.7153190876250802
405,Philadelphia 76ers,Atlanta Hawks,0.8501470682922422
406,New York Knicks,Indiana Pacers,0.15287583245157957
407,Houston Rockets,Cleveland Cavaliers,0.9167816450645957
408,Golden State Warriors,Chicago Bulls,0.9188220386662875
409,Portland Trail Blazers,Charlotte Hornets,0.7647609106071629
410,Utah Jazz,Los Angeles Lakers,0.5624893080491198
411,Minnesota Timberwolves,Dallas Mavericks,0.5643489644517826
412,Washington Wizards,Milwaukee Bucks,0.2874458964872283
413,Toronto Raptors,Brooklyn Nets,0.8201048039777845
414,Phoenix Suns,Denver Nuggets,0.1611093644446501
415,Orlando Magic,Boston Celtics,0.42387180814620024
416,Miami Heat,Memphis Grizzlies,0.6716733855491778
417,LA Clippers,Detroit Pistons,0.7303002811298659
418,Utah Jazz,Chicago Bulls,0.8516778563669584
419,Sacramento Kings,Charlotte Hornets,0.6790760464774471
420,Minnesota Timberwolves,New Orleans Pelicans,0.6016028586994623
421,Oklahoma City Thunder,San Antonio Spurs,0.6677994700227204
422,Los Angeles Lakers,Cleveland Cavaliers,0.8691791129697457
423,New York Knicks,Philadelphia 76ers,0.15514589099716905
424,Orlando Magic,Houston Rockets,0.4005340636247764
425,Atlanta Hawks,Milwaukee Bucks,0.21644389953149015
426,Dallas Mavericks,Golden State Warriors,0.35564343970365325
427,Denver Nuggets,Portland Trail Blazers,0.7110188353885402
428,Washington Wizards,Toronto Raptors,0.23625241271904174
429,San Antonio Spurs,Charlotte Hornets,0.6894733645710853
430,Brooklyn Nets,Boston Celtics,0.5395175906811727
431,Houston Rockets,Memphis Grizzlies,0.7734144899432469
432,LA Clippers,New Orleans Pelicans,0.692694785015222
433,Utah Jazz,Detroit Pistons,0.694543452557744
434,Sacramento Kings,Portland Trail Blazers,0.5235628285063115
435,Philadelphia 76ers,Minnesota Timberwolves,0.791205751544411
436,Los Angeles Lakers,Chicago Bulls,0.8647771961645007
437,Indiana Pacers,Phoenix Suns,0.9149604344053692
438,Atlanta Hawks,Oklahoma City Thunder,0.3343874500345096
439,Milwaukee Bucks,Miami Heat,0.798729252300942
440,Denver Nuggets,Golden State Warriors,0.5891047052882089
441,Golden State Warriors,New Orleans Pelicans,0.8134383295936933
442,Boston Celtics,Toronto Raptors,0.4048748709586606
443,Houston Rockets,Brooklyn Nets,0.6812493887467009
444,LA Clippers,Utah Jazz,0.6112029493391273
445,Detroit Pistons,Orlando Magic,0.6295197141348479
446,Portland Trail Blazers,Cleveland Cavaliers,0.9030224726250953
447,Dallas Mavericks,San Antonio Spurs,0.5101932986753073
448,Memphis Grizzlies,Milwaukee Bucks,0.2723590181525499
449,Indiana Pacers,Philadelphia 76ers,0.5875648004180036
450,Denver Nuggets,Chicago Bulls,0.9310339387238935
451,Washington Wizards,New York Knicks,0.8020575854966803
452,Charlotte Hornets,Sacramento Kings,0.5332475128037235
453,Toronto Raptors,Phoenix Suns,0.9323624064831559
454,Oklahoma City Thunder,Los Angeles Lakers,0.6342286785018664
455,Boston Celtics,Memphis Grizzlies,0.7567971654555266
456,Orlando Magic,Brooklyn Nets,0.46075612167350083
457,LA Clippers,Golden State Warriors,0.4111253839031847
458,Detroit Pistons,Miami Heat,0.5715546796477302
459,Portland Trail Blazers,New Orleans Pelicans,0.7373403159449381
460,Utah Jazz,Cleveland Cavaliers,0.8855634664094133
461,Minnesota Timberwolves,San Antonio Spurs,0.48098589712075157
462,Philadelphia 76ers,Oklahoma City Thunder,0.6645423686047479
463,Chicago Bulls,Miami Heat,0.28734110395301793
464,Houston Rockets,Los Angeles Lakers,0.6724960061245497
465,Orlando Magic,Milwaukee Bucks,0.25711172340934413
466,Detroit Pistons,Sacramento Kings,0.5218028570701552
467,Indiana Pacers,Dallas Mavericks,0.7974808936294046
468,Atlanta Hawks,Boston Celtics,0.3498247887381304
469,Denver Nuggets,Cleveland Cavaliers,0.9376068904965403
470,Charlotte Hornets,Phoenix Suns,0.7968134428230751
471,Toronto Raptors,Memphis Grizzlies,0.8691304692170976
472,San Antonio Spurs,LA Clippers,0.5804848204483555
473,Indiana Pacers,Charlotte Hornets,0.798424456226082
474,Minnesota Timberwolves,Phoenix Suns,0.7988556763179394
475,Philadelphia 76ers,Houston Rockets,0.6677206395767114
476,Los Angeles Lakers,Golden State Warriors,0.3936245252777738
477,New York Knicks,Oklahoma City Thunder,0.19929143642010122
478,Boston Celtics,Miami Heat,0.7019589187409615
479,Brooklyn Nets,Sacramento Kings,0.6269408885944235
480,Cleveland Cavaliers,Chicago Bulls,0.5422149609111989
481,Atlanta Hawks,Orlando Magic,0.5357400232998738
482,Utah Jazz,Portland Trail Blazers,0.5256950889491216
483,Milwaukee Bucks,Dallas Mavericks,0.8391272900315736
484,Washington Wizards,Detroit Pistons,0.5877661804092094
485,Memphis Grizzlies,New Orleans Pelicans,0.5196705934474309
486,Phoenix Suns,Minnesota Timberwolves,0.3388390061657952
487,Dallas Mavericks,LA Clippers,0.5049527594550369
488,Toronto Raptors,Sacramento Kings,0.8179418891038931
489,Oklahoma City Thunder,Portland Trail Blazers,0.6141865377060071
490,Philadelphia 76ers,San Antonio Spurs,0.7402280148217362
491,Chicago Bulls,Atlanta Hawks,0.43366599241996623
492,New York Knicks,Houston Rockets,0.1946239075279745
493,Boston Celtics,Cleveland Cavaliers,0.9052214405338659
494,Brooklyn Nets,Orlando Magic,0.7396131894552618
495,Miami Heat,LA Clippers,0.5206055336838712
496,Indiana Pacers,Toronto Raptors,0.5447514703146571
497,Utah Jazz,Denver Nuggets,0.44656655355117336
498,Memphis Grizzlies,Charlotte Hornets,0.5078333712063479
499,New Orleans Pelicans,Detroit Pistons,0.593088769342206
500,Los Angeles Lakers,Minnesota Timberwolves,0.6261580627255621
501,Phoenix Suns,Portland Trail Blazers,0.22486901015759334
502,Washington Wizards,Golden State Warriors,0.29443298431471676
503,Oklahoma City Thunder,New Orleans Pelicans,0.7635510264141083
504,Chicago Bulls,LA Clippers,0.2532338821242701
505,Brooklyn Nets,New York Knicks,0.8799254936412625
506,Cleveland Cavaliers,Miami Heat,0.2719744941711243
507,Houston Rockets,Toronto Raptors,0.4834305831145028
508,Orlando Magic,Washington Wizards,0.5428705828119553
509,Utah Jazz,Minnesota Timberwolves,0.6818710952012119
510,Dallas Mavericks,Detroit Pistons,0.618908322963666
511,Milwaukee Bucks,Charlotte Hornets,0.8312555181620567
512,Denver Nuggets,Phoenix Suns,0.9160543654009903
513,Memphis Grizzlies,Sacramento Kings,0.45448217258848156
514,Boston Celtics,Golden State Warriors,0.4525774464234437
515,Portland Trail Blazers,Atlanta Hawks,0.809890650173107
516,Denver Nuggets,Philadelphia 76ers,0.6329690746243043
517,Memphis Grizzlies,Indiana Pacers,0.3034885559338749
518,New Orleans Pelicans,San Antonio Spurs,0.48474832135954776
519,San Antonio Spurs,Washington Wizards,0.7059613135491278
520,Los Angeles Lakers,Phoenix Suns,0.8429176162535922
521,Chicago Bulls,Cleveland Cavaliers,0.6154814108501856
522,New York Knicks,Miami Heat,0.2684482291004299
523,Houston Rockets,Orlando Magic,0.8081151416348633
524,LA Clippers,Sacramento Kings,0.6645445987065584
525,Dallas Mavericks,Toronto Raptors,0.3142259788845684
526,Minnesota Timberwolves,Utah Jazz,0.48253163473703037
527,Oklahoma City Thunder,Milwaukee Bucks,0.500848089921561
528,Boston Celtics,Brooklyn Nets,0.6429844744771687
529,LA Clippers,Atlanta Hawks,0.7565421623860688
530,Indiana Pacers,Golden State Warriors,0.520548128906886
531,Charlotte Hornets,New York Knicks,0.8371952810233834
532,Memphis Grizzlies,Denver Nuggets,0.26791047839879834
533,San Antonio Spurs,Phoenix Suns,0.8593208957993771
534,Los Angeles Lakers,Philadelphia 76ers,0.4369106685387611
535,Brooklyn Nets,Chicago Bulls,0.8717641191190415
536,Cleveland Cavaliers,Washington Wizards,0.3738790208164092
537,Houston Rockets,New Orleans Pelicans,0.7520472204834636
538,Orlando Magic,Oklahoma City Thunder,0.324132621602406
539,Detroit Pistons,Milwaukee Bucks,0.2997594368852104
540,New York Knicks,Dallas Mavericks,0.29001204673502606
541,Boston Celtics,Charlotte Hornets,0.7376166832233552
542,Miami Heat,Chicago Bulls,0.82695716180729
543,Portland Trail Blazers,Utah Jazz,0.654853818134223
544,Sacramento Kings,Atlanta Hawks,0.7219832076903526
545,Minnesota Timberwolves,Memphis Grizzlies,0.6957075065971697
546,Washington Wizards,Indiana Pacers,0.36632283724502807
547,New Orleans Pelicans,Denver Nuggets,0.30660046406211244
548,Golden State Warriors,Philadelphia 76ers,0.6344595161316907
549,San Antonio Spurs,Brooklyn Nets,0.6113461620697216
550,Orlando Magic,Indiana Pacers,0.3351990722384781
551,LA Clippers,Los Angeles Lakers,0.6085493691523997
552,Detroit Pistons,Dallas Mavericks,0.5822933689068915
553,Toronto Raptors,Milwaukee Bucks,0.576144582102328
554,New York Knicks,Boston Celtics,0.17608446889758453
555,Miami Heat,Oklahoma City Thunder,0.42677083545190747
556,Utah Jazz,Atlanta Hawks,0.7772795445709596
557,Denver Nuggets,Houston Rockets,0.7085895735373676
558,Charlotte Hornets,Memphis Grizzlies,0.6941339840884065
559,Golden State Warriors,Los Angeles Lakers,0.776804128108228
560,San Antonio Spurs,New Orleans Pelicans,0.735500546371223
561,Phoenix Suns,Atlanta Hawks,0.4166240913795456
562,Cleveland Cavaliers,Dallas Mavericks,0.3194121678299286
563,Orlando Magic,Brooklyn Nets,0.44661531584009573
564,Miami Heat,Indiana Pacers,0.42176640269488924
565,Detroit Pistons,LA Clippers,0.47110925072727167
566,Utah Jazz,Houston Rockets,0.5454241290966684
567,Sacramento Kings,Philadelphia 76ers,0.43978472504377963
568,Minnesota Timberwolves,Denver Nuggets,0.328743452509085
569,Charlotte Hornets,Chicago Bulls,0.8220926137600844
570,Washington Wizards,Milwaukee Bucks,0.2754446073370012
571,New York Knicks,Memphis Grizzlies,0.3703121503277325
572,Boston Celtics,Oklahoma City Thunder,0.5923961132540696
573,Toronto Raptors,LA Clippers,0.7576551590481846
574,Phoenix Suns,Houston Rockets,0.20448211786681766
575,Brooklyn Nets,Milwaukee Bucks,0.371273718618533
576,Detroit Pistons,Denver Nuggets,0.3215144165408217
577,Sacramento Kings,San Antonio Spurs,0.5617503472385645
578,Washington Wizards,Atlanta Hawks,0.6054666004862667
579,New Orleans Pelicans,Indiana Pacers,0.3495600755163896
580,Philadelphia 76ers,Toronto Raptors,0.5182787903352378
581,New York Knicks,Detroit Pistons,0.29158322102111134
582,Cleveland Cavaliers,Boston Celtics,0.18557964930300697
583,Portland Trail Blazers,Miami Heat,0.7149890334682945
584,Indiana Pacers,Los Angeles Lakers,0.7256640098379934
585,Charlotte Hornets,LA Clippers,0.5096273156378972
586,Memphis Grizzlies,Minnesota Timberwolves,0.5218116578492654
587,Oklahoma City Thunder,Orlando Magic,0.8098101552231295
588,Golden State Warriors,San Antonio Spurs,0.7536781036997072
589,Chicago Bulls,New Orleans Pelicans,0.3697405832842679
590,Brooklyn Nets,Denver Nuggets,0.42267399636140407
591,Utah Jazz,Phoenix Suns,0.8716340983779627
592,Dallas Mavericks,Charlotte Hornets,0.6166373997686793
593,Milwaukee Bucks,Washington Wizards,0.8610227683883901
594,Sacramento Kings,Houston Rockets,0.48673031467995914
595,Boston Celtics,Los Angeles Lakers,0.6883255722991712
596,Orlando Magic,Minnesota Timberwolves,0.5447321239242268
597,Portland Trail Blazers,San Antonio Spurs,0.66795538042178
598,Indiana Pacers,LA Clippers,0.7049456896873245
599,Atlanta Hawks,Toronto Raptors,0.2634894715036898
600,Oklahoma City Thunder,Memphis Grizzlies,0.814071048550092
601,Philadelphia 76ers,Denver Nuggets,0.5706166495627715
602,Phoenix Suns,Golden State Warriors,0.13813805510377458
603,Brooklyn Nets,Chicago Bulls,0.8416989587119169
604,Detroit Pistons,New York Knicks,0.8474675542112872
605,Dallas Mavericks,Milwaukee Bucks,0.3069333071391989
606,Sacramento Kings,Miami Heat,0.6494904480693466
607,Washington Wizards,Cleveland Cavaliers,0.7943911583514598
608,New Orleans Pelicans,Minnesota Timberwolves,0.589015659121714
609,Chicago Bulls,Washington Wizards,0.37430400073638065
610,New York Knicks,Toronto Raptors,0.10984807865180124
611,Boston Celtics,LA Clippers,0.6453036794816686
612,Houston Rockets,Oklahoma City Thunder,0.5549012345371266
613,Atlanta Hawks,Charlotte Hornets,0.5100909533038266
614,Utah Jazz,San Antonio Spurs,0.6375005418392307
615,Indiana Pacers,Cleveland Cavaliers,0.9178217664326406
616,Milwaukee Bucks,Orlando Magic,0.8519466762320995
617,Memphis Grizzlies,New Orleans Pelicans,0.5613887182645156
618,Philadelphia 76ers,Los Angeles Lakers,0.736951312422137
619,Golden State Warriors,Miami Heat,0.822275834224009
620,Atlanta Hawks,Orlando Magic,0.5553370466360746
621,Dallas Mavericks,Portland Trail Blazers,0.4655855745706687
622,Sacramento Kings,Phoenix Suns,0.8576103345988224
623,Chicago Bulls,Milwaukee Bucks,0.13910717143822307
624,Cleveland Cavaliers,New York Knicks,0.6526118122479349
625,Houston Rockets,Dallas Mavericks,0.7322191147742406
626,Detroit Pistons,Washington Wizards,0.6509354125523727
627,Indiana Pacers,Charlotte Hornets,0.7826080699808982
628,Denver Nuggets,Miami Heat,0.7949093362454797
629,Minnesota Timberwolves,LA Clippers,0.4982948242392991
630,Toronto Raptors,Brooklyn Nets,0.7901007622579699
631,Oklahoma City Thunder,Portland Trail Blazers,0.659753960508608
632,Philadelphia 76ers,Boston Celtics,0.6378715247345627
633,Golden State Warriors,Utah Jazz,0.7550275431927759
634,Atlanta Hawks,Los Angeles Lakers,0.4805273871895211
635,Memphis Grizzlies,San Antonio Spurs,0.4344974790490566
636,New Orleans Pelicans,Orlando Magic,0.5879295198865684
637,Chicago Bulls,Memphis Grizzlies,0.4354605997537092
638,New York Knicks,Philadelphia 76ers,0.14131710569517145
639,Boston Celtics,Detroit Pistons,0.7319227111104467
640,Cleveland Cavaliers,Brooklyn Nets,0.2680409210054961
641,LA Clippers,Phoenix Suns,0.8648231214623968
642,Portland Trail Blazers,Golden State Warriors,0.45978880966073415
643,Indiana Pacers,Milwaukee Bucks,0.507045274271748
644,Dallas Mavericks,Miami Heat,0.5882836990508358
645,Minnesota Timberwolves,Houston Rockets,0.4416324443101874
646,Denver Nuggets,Sacramento Kings,0.751031754269197
647,Toronto Raptors,Washington Wizards,0.8545643836160262
648,Orlando Magic,Charlotte Hornets,0.5800387425380382
649,Atlanta Hawks,New York Knicks,0.7956442396490163
650,New Orleans Pelicans,Oklahoma City Thunder,0.3687927349665831
651,Philadelphia 76ers,Miami Heat,0.7799072162029357
652,Golden State Warriors,Sacramento Kings,0.7886359548887651
653,Los Angeles Lakers,Houston Rockets,0.5069392571096094
654,Cleveland Cavaliers,Phoenix Suns,0.610779719008037
655,Brooklyn Nets,Portland Trail Blazers,0.49977282342856794
656,Milwaukee Bucks,Boston Celtics,0.7303411575471652
657,New York Knicks,Minnesota Timberwolves,0.2761178628855114
658,Orlando Magic,Chicago Bulls,0.7617694410035929
659,Indiana Pacers,New Orleans Pelicans,0.8015152780129775
660,Atlanta Hawks,Detroit Pistons,0.4897262202210584
661,Dallas Mavericks,Denver Nuggets,0.33738546337790387
662,Charlotte Hornets,Washington Wizards,0.6460693677634023
663,Memphis Grizzlies,LA Clippers,0.393170774098526
664,Toronto Raptors,San Antonio Spurs,0.7875309900614302
665,Oklahoma City Thunder,Utah Jazz,0.6883041919120043
666,Philadelphia 76ers,Portland Trail Blazers,0.6367051779864019
667,Golden State Warriors,Houston Rockets,0.7069378080384845
668,Chicago Bulls,Boston Celtics,0.25886496763611183
669,Cleveland Cavaliers,Memphis Grizzlies,0.45228976746668764
670,Miami Heat,Detroit Pistons,0.5557556134500029
671,Atlanta Hawks,Phoenix Suns,0.7730353591803262
672,Utah Jazz,Dallas Mavericks,0.7092355449942739
673,Milwaukee Bucks,Minnesota Timberwolves,0.8344306818471502
674,Charlotte Hornets,Brooklyn Nets,0.5137422407906094
675,Washington Wizards,Indiana Pacers,0.3186999504936138
676,Oklahoma City Thunder,Sacramento Kings,0.7099580505286297
677,New Orleans Pelicans,Los Angeles Lakers,0.5174131862544743
678,New York Knicks,San Antonio Spurs,0.2428775791140685
679,Denver Nuggets,LA Clippers,0.7428133757678369
680,Toronto Raptors,Orlando Magic,0.8444595642304336
681,Chicago Bulls,Milwaukee Bucks,0.1403181744338055
682,Brooklyn Nets,San Antonio Spurs,0.6181043064977696
683,Cleveland Cavaliers,Portland Trail Blazers,0.20913911037172997
684,Houston Rockets,Atlanta Hawks,0.7993105307141589
685,Miami Heat,Phoenix Suns,0.8026873758214648
686,LA Clippers,Dallas Mavericks,0.715079296651495
687,Detroit Pistons,Indiana Pacers,0.4242962521069411
688,Charlotte Hornets,Golden State Warriors,0.2989630872025763
689,Minnesota Timberwolves,Sacramento Kings,0.5527905280339404
690,Memphis Grizzlies,Los Angeles Lakers,0.46299472102955036
691,New Orleans Pelicans,Philadelphia 76ers,0.34479804161653654
692,New York Knicks,Orlando Magic,0.33677942216012774
693,Denver Nuggets,Oklahoma City Thunder,0.6812476844872988
694,Toronto Raptors,Boston Celtics,0.7428756915272893
695,San Antonio Spurs,Detroit Pistons,0.6241935595662362
696,Los Angeles Lakers,New Orleans Pelicans,0.6815172568922944
697,Boston Celtics,Portland Trail Blazers,0.5348704976471211
698,Brooklyn Nets,Washington Wizards,0.7047814560753685
699,Miami Heat,Golden State Warriors,0.32010546360550346
700,Atlanta Hawks,Minnesota Timberwolves,0.518669743134207
701,Utah Jazz,LA Clippers,0.6180299338378722
702,Dallas Mavericks,Indiana Pacers,0.37919438031997293
703,Sacramento Kings,Milwaukee Bucks,0.3222724911327019
704,Charlotte Hornets,Houston Rockets,0.3900712170154951
705,Memphis Grizzlies,Chicago Bulls,0.6995994704856059
706,New York Knicks,Cleveland Cavaliers,0.5304708987414426
707,Houston Rockets,Miami Heat,0.766567981498844
708,Orlando Magic,Golden State Warriors,0.3101584614131736
709,Indiana Pacers,Minnesota Timberwolves,0.7791332428383091
710,Denver Nuggets,Utah Jazz,0.7189310167589503
711,Oklahoma City Thunder,Philadelphia 76ers,0.5404927140394914
712,Los Angeles Lakers,Milwaukee Bucks,0.30969082002267606
713,Phoenix Suns,New Orleans Pelicans,0.35442773863347726
714,Boston Celtics,Washington Wizards,0.75809679898015
715,Brooklyn Nets,Charlotte Hornets,0.6683480278076273
716,Atlanta Hawks,Chicago Bulls,0.7068164468371066
717,Sacramento Kings,LA Clippers,0.5239979257799474
718,Toronto Raptors,Portland Trail Blazers,0.7200335891045556
719,Philadelphia 76ers,Golden State Warriors,0.541821016558036
720,San Antonio Spurs,Oklahoma City Thunder,0.5008259284795128
721,Phoenix Suns,Los Angeles Lakers,0.3039488174727105
722,Cleveland Cavaliers,Detroit Pistons,0.30806474992811766
723,Miami Heat,Brooklyn Nets,0.537325658550635
724,Indiana Pacers,Orlando Magic,0.7811991639346849
725,Utah Jazz,Milwaukee Bucks,0.4096179507598533
726,Dallas Mavericks,Memphis Grizzlies,0.6601487636400475
727,Denver Nuggets,New Orleans Pelicans,0.8207091217077166
728,Chicago Bulls,Atlanta Hawks,0.44924147977282264
729,Boston Celtics,Houston Rockets,0.5170888859593341
730,Cleveland Cavaliers,Orlando Magic,0.38005230674628143
731,LA Clippers,New York Knicks,0.8949327100313778
732,Detroit Pistons,Toronto Raptors,0.34324740008251486
733,Charlotte Hornets,Portland Trail Blazers,0.3854635997399946
734,Washington Wizards,Minnesota Timberwolves,0.5570481738859457
735,Oklahoma City Thunder,Memphis Grizzlies,0.8166125094921534
736,San Antonio Spurs,Denver Nuggets,0.4254002507754555
737,Los Angeles Lakers,LA Clippers,0.4887272900494793
738,Phoenix Suns,Milwaukee Bucks,0.12428358516247207
739,Brooklyn Nets,Dallas Mavericks,0.682312686540158
740,Miami Heat,Atlanta Hawks,0.6786417271305561
741,Utah Jazz,New Orleans Pelicans,0.7255336662007389
742,Sacramento Kings,New York Knicks,0.869473830278881
743,Philadelphia 76ers,Orlando Magic,0.8127125568552691
744,Golden State Warriors,Boston Celtics,0.7211655928200544
745,Indiana Pacers,Chicago Bulls,0.8975512466646627
746,Minnesota Timberwolves,Oklahoma City Thunder,0.43062204241469854
747,Toronto Raptors,Houston Rockets,0.6803899152590843
748,Memphis Grizzlies,Portland Trail Blazers,0.33183921666799504
749,Los Angeles Lakers,Denver Nuggets,0.3543676580229751
750,Chicago Bulls,Philadelphia 76ers,0.20270488236617495
751,Phoenix Suns,New York Knicks,0.6756354627146127
752,Brooklyn Nets,Cleveland Cavaliers,0.8415319847055579
753,Detroit Pistons,Minnesota Timberwolves,0.6616508991772231
754,Atlanta Hawks,San Antonio Spurs,0.4158475023665462
755,Sacramento Kings,Boston Celtics,0.49329043102843034
756,Charlotte Hornets,Miami Heat,0.5437111404214172
757,Washington Wizards,Dallas Mavericks,0.5970923605969621
758,New Orleans Pelicans,Utah Jazz,0.43285022291371167
759,Portland Trail Blazers,Oklahoma City Thunder,0.5899434129122124
760,Milwaukee Bucks,Indiana Pacers,0.705228323538578
761,Golden State Warriors,Denver Nuggets,0.6229548056329632
762,Chicago Bulls,Detroit Pistons,0.3117947975091189
763,Houston Rockets,Philadelphia 76ers,0.6037942693316649
764,Orlando Magic,Dallas Mavericks,0.6195111412053688
765,LA Clippers,Oklahoma City Thunder,0.5678733100059906
766,Miami Heat,Cleveland Cavaliers,0.822252684591544
767,Charlotte Hornets,Washington Wizards,0.6208750506761482
768,Memphis Grizzlies,Utah Jazz,0.38511388874791064
769,New Orleans Pelicans,Toronto Raptors,0.27649493974635025
770,Los Angeles Lakers,Boston Celtics,0.4531917349491624
771,New York Knicks,Sacramento Kings,0.23982812711124218
772,Portland Trail Blazers,Phoenix Suns,0.8903726697510845
773,Atlanta Hawks,Brooklyn Nets,0.41950018214900636
774,Milwaukee Bucks,Charlotte Hornets,0.8592595898417549
775,Minnesota Timberwolves,Washington Wizards,0.6447798191605142
776,Philadelphia 76ers,Indiana Pacers,0.6168892118761368
777,Golden State Warriors,Phoenix Suns,0.9188788810695305
778,San Antonio Spurs,Milwaukee Bucks,0.3798589734087496
779,Miami Heat,Toronto Raptors,0.3155182980792384
780,Detroit Pistons,Chicago Bulls,0.8329673738952726
781,Atlanta Hawks,New Orleans Pelicans,0.5460346867703424
782,Dallas Mavericks,Houston Rockets,0.31962736576692435
783,Minnesota Timberwolves,New York Knicks,0.858033438605181
784,Memphis Grizzlies,Orlando Magic,0.5585322176756272
785,Brooklyn Nets,Detroit Pistons,0.6127563285627448
786,Cleveland Cavaliers,Toronto Raptors,0.1406750194028853
787,Houston Rockets,Charlotte Hornets,0.8146239113083311
788,LA Clippers,Boston Celtics,0.6017526657378124
789,Utah Jazz,Oklahoma City Thunder,0.5511234198906633
790,Washington Wizards,Sacramento Kings,0.5186001556628633
791,Philadelphia 76ers,Cleveland Cavaliers,0.9064458222296689
792,Chicago Bulls,Los Angeles Lakers,0.3595207401227722
793,LA Clippers,Portland Trail Blazers,0.5477352150751494
794,Indiana Pacers,New York Knicks,0.928298107191341
795,Dallas Mavericks,San Antonio Spurs,0.4257076171884548
796,Denver Nuggets,Minnesota Timberwolves,0.8018768215391283
797,New Orleans Pelicans,Milwaukee Bucks,0.2563511842475371
798,Phoenix Suns,Utah Jazz,0.24837261901514673
799,Houston Rockets,Golden State Warriors,0.5437023305282404
800,Miami Heat,Detroit Pistons,0.5636451543948464
801,Atlanta Hawks,Memphis Grizzlies,0.5976460283640358
802,Washington Wizards,Orlando Magic,0.6020715178274504
803,Oklahoma City Thunder,Brooklyn Nets,0.6833092015106796
804,Boston Celtics,Sacramento Kings,0.7049225945090049
805,Orlando Magic,Cleveland Cavaliers,0.7739977386174661
806,Indiana Pacers,Oklahoma City Thunder,0.6362751739587471
807,Utah Jazz,Minnesota Timberwolves,0.7211486320248297
808,Denver Nuggets,Dallas Mavericks,0.8457962002020463
809,Toronto Raptors,Los Angeles Lakers,0.8291887061490353
810,Philadelphia 76ers,Sacramento Kings,0.7750525156450802
811,San Antonio Spurs,New York Knicks,0.8996421032778184
812,Houston Rockets,Phoenix Suns,0.9034280608043083
813,LA Clippers,Chicago Bulls,0.8648314025098109
814,Miami Heat,Milwaukee Bucks,0.3104883872906543
815,Detroit Pistons,Los Angeles Lakers,0.6652756480102343
816,Washington Wizards,Charlotte Hornets,0.5819503338579636
817,New Orleans Pelicans,Portland Trail Blazers,0.36035487602395594
818,San Antonio Spurs,Portland Trail Blazers,0.5357622465706792
819,Boston Celtics,Atlanta Hawks,0.7844198230826631
820,Utah Jazz,Brooklyn Nets,0.6642290012395264
821,Dallas Mavericks,Cleveland Cavaliers,0.756120925001547
822,Denver Nuggets,Indiana Pacers,0.6592367098063894
823,Washington Wizards,Memphis Grizzlies,0.6426092933033892
824,Oklahoma City Thunder,Golden State Warriors,0.4744640737234494
825,New Orleans Pelicans,Phoenix Suns,0.7457495209161717
826,New York Knicks,Los Angeles Lakers,0.29294054471182046
827,Houston Rockets,Minnesota Timberwolves,0.7966878364309484
828,Orlando Magic,Atlanta Hawks,0.6499626432183243
829,Miami Heat,Charlotte Hornets,0.6563320430848627
830,LA Clippers,Brooklyn Nets,0.6812035944275595
831,Detroit Pistons,Toronto Raptors,0.3873364296183704
832,Milwaukee Bucks,Philadelphia 76ers,0.6587286373569046
833,Sacramento Kings,Chicago Bulls,0.8018690370235297
834,San Antonio Spurs,Golden State Warriors,0.4559964777867167
835,Boston Celtics,Denver Nuggets,0.46708040391700495
836,Phoenix Suns,Chicago Bulls,0.5781290264261822
837,Cleveland Cavaliers,Detroit Pistons,0.29519368172813937
838,Portland Trail Blazers,Indiana Pacers,0.596575209973566
839,Dallas Mavericks,New Orleans Pelicans,0.5726259906996747
840,Washington Wizards,Utah Jazz,0.40875733263329356
841,Toronto Raptors,New York Knicks,0.9481082843779942
842,Oklahoma City Thunder,Miami Heat,0.6925327701240217
843,LA Clippers,Indiana Pacers,0.5789280467545243
844,Atlanta Hawks,Houston Rockets,0.28243020971918104
845,Milwaukee Bucks,Los Angeles Lakers,0.8457768728810832
846,Sacramento Kings,Brooklyn Nets,0.5439356699047189
847,Minnesota Timberwolves,Golden State Warriors,0.3152267627150941
848,Charlotte Hornets,Philadelphia 76ers,0.3163856272388516
849,Philadelphia 76ers,Boston Celtics,0.700100060805248
850,San Antonio Spurs,Miami Heat,0.6564378010147053
851,Chicago Bulls,Washington Wizards,0.43350036259127567
852,New York Knicks,Utah Jazz,0.16698716645019546
853,Cleveland Cavaliers,Milwaukee Bucks,0.1493607723970002
854,Orlando Magic,New Orleans Pelicans,0.6291634928569478
855,Portland Trail Blazers,Dallas Mavericks,0.8142995455988921
856,Memphis Grizzlies,Houston Rockets,0.3067484348432551
857,Oklahoma City Thunder,Toronto Raptors,0.4292403853751689
858,Golden State Warriors,Indiana Pacers,0.6965524952218283
859,Phoenix Suns,Detroit Pistons,0.28678519361319116
860,Atlanta Hawks,Utah Jazz,0.3705687034939
861,Sacramento Kings,Dallas Mavericks,0.6929149944046736
862,Charlotte Hornets,Minnesota Timberwolves,0.5914298140503601
863,Washington Wizards,Denver Nuggets,0.2801824397107683
864,Los Angeles Lakers,Brooklyn Nets,0.49207467903279023
865,New York Knicks,Denver Nuggets,0.10969112923557522
866,Cleveland Cavaliers,LA Clippers,0.23097007403327263
867,Houston Rockets,San Antonio Spurs,0.7128915225698784
868,Orlando Magic,Memphis Grizzlies,0.6561043902404289
869,Milwaukee Bucks,Miami Heat,0.8106831173789688
870,Toronto Raptors,Oklahoma City Thunder,0.7279874892773148
871,Golden State Warriors,Dallas Mavericks,0.851836679218642
872,Chicago Bulls,Utah Jazz,0.2526493966211278
873,Portland Trail Blazers,Detroit Pistons,0.7121260114820083
874,Atlanta Hawks,Philadelphia 76ers,0.2999359761258177
875,Sacramento Kings,Phoenix Suns,0.8168830865451066
876,Charlotte Hornets,Boston Celtics,0.4451085439830559
877,Washington Wizards,Miami Heat,0.4894141620330385
878,Memphis Grizzlies,Minnesota Timberwolves,0.5333534494817532
879,Golden State Warriors,Detroit Pistons,0.7709056724152809
880,Los Angeles Lakers,Sacramento Kings,0.5582438458227661
881,New York Knicks,LA Clippers,0.15770714357813245
882,Boston Celtics,San Antonio Spurs,0.599169298652788
883,Indiana Pacers,Denver Nuggets,0.49277833679411565
884,Milwaukee Bucks,Cleveland Cavaliers,0.929449559371648
885,Toronto Raptors,Charlotte Hornets,0.8289788740885363
886,New Orleans Pelicans,Houston Rockets,0.30548346052203484
887,Orlando Magic,Philadelphia 76ers,0.36912145739911006
888,Portland Trail Blazers,Brooklyn Nets,0.7188666956051136
889,Utah Jazz,Phoenix Suns,0.8814914096754993
890,Memphis Grizzlies,Oklahoma City Thunder,0.39192575852787637
891,Los Angeles Lakers,Washington Wizards,0.6500483666394091
892,Cleveland Cavaliers,Boston Celtics,0.2553982002795568
893,Miami Heat,Orlando Magic,0.6231538727416784
894,Dallas Mavericks,Sacramento Kings,0.4807157869719766
895,Milwaukee Bucks,Houston Rockets,0.6714802683353791
896,Denver Nuggets,Detroit Pistons,0.7825584268980412
897,Minnesota Timberwolves,LA Clippers,0.39338848537176374
898,Charlotte Hornets,San Antonio Spurs,0.48868967506218663
899,Toronto Raptors,Chicago Bulls,0.9166087481079812
900,New Orleans Pelicans,Atlanta Hawks,0.5893264081005611
901,Chicago Bulls,Portland Trail Blazers,0.2058869638167094
902,Phoenix Suns,Washington Wizards,0.40688538357893206
903,Utah Jazz,Los Angeles Lakers,0.7487322710299376
904,Memphis Grizzlies,Golden State Warriors,0.25993605081415755
905,Oklahoma City Thunder,Indiana Pacers,0.5758199252216596
906,Philadelphia 76ers,Brooklyn Nets,0.7432748147348723
907,San Antonio Spurs,Cleveland Cavaliers,0.8557585961166057
908,New York Knicks,Toronto Raptors,0.10720876967888401
909,Houston Rockets,Denver Nuggets,0.5623521005918758
910,Miami Heat,Dallas Mavericks,0.714962617960124
911,Detroit Pistons,Orlando Magic,0.6525309404658167
912,Milwaukee Bucks,LA Clippers,0.7234545382355709
913,New Orleans Pelicans,Sacramento Kings,0.5193202956202644
914,Los Angeles Lakers,Charlotte Hornets,0.6064009278915726
915,Boston Celtics,Indiana Pacers,0.5730237395156312
916,Atlanta Hawks,Portland Trail Blazers,0.32637410863357974
917,Utah Jazz,Washington Wizards,0.7886326007138131
918,Minnesota Timberwolves,Golden State Warriors,0.3228883734741957
919,Oklahoma City Thunder,Denver Nuggets,0.45506025347765117
920,Chicago Bulls,Toronto Raptors,0.1587437890155974
921,New York Knicks,Miami Heat,0.23271326300185247
922,Phoenix Suns,Memphis Grizzlies,0.4177503064216188
923,Brooklyn Nets,Boston Celtics,0.5466422501343587
924,Houston Rockets,Sacramento Kings,0.7793584475759882
925,LA Clippers,Cleveland Cavaliers,0.8864564785961646
926,Detroit Pistons,Portland Trail Blazers,0.456184539589391
927,Indiana Pacers,Orlando Magic,0.7134879955492834
928,Minnesota Timberwolves,Philadelphia 76ers,0.33977881692712797
929,Golden State Warriors,Charlotte Hornets,0.8256034173511799
930,San Antonio Spurs,Sacramento Kings,0.6619257133132754
931,LA Clippers,Memphis Grizzlies,0.8042121763227034
932,Atlanta Hawks,Milwaukee Bucks,0.2594501711723619
933,Denver Nuggets,Washington Wizards,0.8360849852748485
934,Oklahoma City Thunder,Dallas Mavericks,0.763144333541744
935,New Orleans Pelicans,Los Angeles Lakers,0.532409249926598
936,New York Knicks,Chicago Bulls,0.4965140397140311
937,Phoenix Suns,Cleveland Cavaliers,0.6111025072890649
938,Boston Celtics,Miami Heat,0.6688733863168501
939,Brooklyn Nets,Milwaukee Bucks,0.3536104370137002
940,Indiana Pacers,Detroit Pistons,0.6803019037284584
941,Utah Jazz,Charlotte Hornets,0.7728672396893047
942,Dallas Mavericks,Philadelphia 76ers,0.3086106443439709
943,Minnesota Timberwolves,Portland Trail Blazers,0.354681154870411
944,Toronto Raptors,Orlando Magic,0.8293988114164257
945,Golden State Warriors,Denver Nuggets,0.624566981250774
946,San Antonio Spurs,Atlanta Hawks,0.7407377403708456
947,Sacramento Kings,Houston Rockets,0.3743882357770798
948,Oklahoma City Thunder,Los Angeles Lakers,0.7093227362837579
949,Phoenix Suns,Utah Jazz,0.2101462593090444
950,Brooklyn Nets,Toronto Raptors,0.35433644190047403
951,Orlando Magic,New York Knicks,0.8530702082677561
952,LA Clippers,Houston Rockets,0.5220560763901216
953,Miami Heat,Boston Celtics,0.5018102460667415
954,Detroit Pistons,Indiana Pacers,0.4932669674377097
955,Portland Trail Blazers,Memphis Grizzlies,0.8300582143944314
956,Atlanta Hawks,Philadelphia 76ers,0.33324113620988416
957,Dallas Mavericks,Minnesota Timberwolves,0.5421943199352851
958,Denver Nuggets,San Antonio Spurs,0.7359541897740627
959,Washington Wizards,Chicago Bulls,0.7346786685991367
960,New Orleans Pelicans,Charlotte Hornets,0.552768552267513
961,Philadelphia 76ers,Milwaukee Bucks,0.4901765168382126
962,Los Angeles Lakers,Golden State Warriors,0.3163955766827338
963,Sacramento Kings,Cleveland Cavaliers,0.8169835971772103
964,Golden State Warriors,Cleveland Cavaliers,0.9291233063841379
965,Houston Rockets,New York Knicks,0.938208579670664
966,Orlando Magic,Atlanta Hawks,0.666223991840072
967,LA Clippers,Los Angeles Lakers,0.7392427157257734
968,Indiana Pacers,Boston Celtics,0.6046133561698513
969,Utah Jazz,Sacramento Kings,0.7495811901853622
970,Dallas Mavericks,Memphis Grizzlies,0.5803627843894458
971,Minnesota Timberwolves,Miami Heat,0.5506460283996303
972,Denver Nuggets,Portland Trail Blazers,0.6411258406390131
973,Charlotte Hornets,Toronto Raptors,0.30336776296284007
974,Washington Wizards,San Antonio Spurs,0.429448881312517
975,Oklahoma City Thunder,Detroit Pistons,0.6750786555296112
976,Phoenix Suns,New Orleans Pelicans,0.43609168908409035
977,Chicago Bulls,Philadelphia 76ers,0.20811315085696802
978,Milwaukee Bucks,Brooklyn Nets,0.7922262710407867
979,Milwaukee Bucks,Atlanta Hawks,0.8646849715659495
980,Golden State Warriors,LA Clippers,0.715115735413494
981,Los Angeles Lakers,Utah Jazz,0.42306319285521365
982,New York Knicks,Washington Wizards,0.3481630828156322
983,Boston Celtics,Orlando Magic,0.6871143832329212
984,Cleveland Cavaliers,San Antonio Spurs,0.2495085417192386
985,Houston Rockets,Phoenix Suns,0.9103883737533882
986,Detroit Pistons,Charlotte Hornets,0.63548910413197
987,Portland Trail Blazers,Denver Nuggets,0.5618890078867929
988,Indiana Pacers,Brooklyn Nets,0.6537625376692169
989,Sacramento Kings,New Orleans Pelicans,0.6544238038685551
990,Minnesota Timberwolves,Oklahoma City Thunder,0.43306413930828225
991,Toronto Raptors,Miami Heat,0.8126940937782762
992,Memphis Grizzlies,Dallas Mavericks,0.5935936373760209
993,Los Angeles Lakers,Portland Trail Blazers,0.3804613905296564
994,Chicago Bulls,New York Knicks,0.6719207492966781
995,Cleveland Cavaliers,Charlotte Hornets,0.33773169240772133
996,Miami Heat,Philadelphia 76ers,0.4269648371592074
997,Detroit Pistons,Memphis Grizzlies,0.7109203876646668
998,Dallas Mavericks,Phoenix Suns,0.741244123889841
999,Utah Jazz,Denver Nuggets,0.550531175418958
1000,Minnesota Timberwolves,Toronto Raptors,0.2849258465467283
1001,Washington Wizards,Boston Celtics,0.3861964735518352
1002,Oklahoma City Thunder,Houston Rockets,0.5016742228949549
1003,New Orleans Pelicans,Golden State Warriors,0.25735460923921877
1004,Philadelphia 76ers,Chicago Bulls,0.8937799440762483
1005,San Antonio Spurs,Dallas Mavericks,0.7586197111314118
1006,New York Knicks,Detroit Pistons,0.2545443964389484
1007,Brooklyn Nets,Miami Heat,0.6440435490723339
1008,LA Clippers,Utah Jazz,0.5770053095675425
1009,Portland Trail Blazers,Sacramento Kings,0.7837556418849935
1010,Atlanta Hawks,Indiana Pacers,0.38661087262852123
1011,Milwaukee Bucks,Oklahoma City Thunder,0.7173659043928973
1012,Denver Nuggets,Minnesota Timberwolves,0.815619889385514
1013,Charlotte Hornets,Orlando Magic,0.5558791575184234
1014,Memphis Grizzlies,Golden State Warriors,0.2592908867974281
